Workbook

Sheet Parameters
A1: Scoring Parameters - Chess Hallucination Evaluation
A2: 1. Category Weights (W_c) - ordered from most to least severe
A3: Category | B3: W_c | C3: Justification
A4: move_legality | B4: 8 | C4: Proposes / validates an illegal move - solution becomes null
A5: piece_placement | B5: 6 | C5: Wrong square stated - invalidates the entire analysis
A6: material | B6: 5 | C6: Wrong material balance - distorts strategic evaluation
A7: piece_relations | B7: 4 | C7: Wrong tactical relation: attack, pin, fork, discovered...
A8: geometry | B8: 3 | C8: Wrong spatial description: diagonal, file, rank, direction
A9: reasoning | B9: 2 | C9: Logical error in the strategic reasoning chain
A10: other | B10: 1 | C10: Miscellaneous minor error (default fallback)
A12: 2. Severity Multipliers (M_s)
A13: Severity | B13: M_s | C13: Description
A14: major | B14: 3 | C14: Completely wrong - changes the entire evaluation
A15: medium | B15: 2 | C15: Partially wrong or misleading
A16: minor / small | B16: 1 | C16: Minor inaccuracy, negligible impact on conclusion
A18: 3. Decay Factor (δ) - applied per additional hallucination in same (puzzle, category) group
A19: Parameter | B19: Value | C19: Rationale
A20: δ (delta) | B20: 0.7 | C20: Geometric decay: each additional error in the same (puzzle, category) group contributes 70% of the previous one. Convergence cap = W_c × M_s / (1−δ).
A22: MODEL | B22: FINAL SCORE | C22: TOTAL HALLUCINATIONS | D22: AVERAGE PENALTY / PUZZLE
A23: GEMINI | B23: {=ROUND(INDIRECT("'Puzzle Scores " & A23 & "'!D22"), 2)} -> 79.48 | C23: =COUNT(INDIRECT("'Calculations " & A23 & "'!B:B")) -> 48 | D23: {=ROUND(INDIRECT("'Puzzle Scores " & A23 & "'!C22"), 2)} -> 20.52
A24: GPT | B24: {=ROUND(INDIRECT("'Puzzle Scores " & A24 & "'!D22"), 2)} -> 66.1 | C24: =COUNT(INDIRECT("'Calculations " & A24 & "'!B:B")) -> 76 | D24: {=ROUND(INDIRECT("'Puzzle Scores " & A24 & "'!C22"), 2)} -> 33.97
A25: QWEN | B25: {=ROUND(INDIRECT("'Puzzle Scores " & A25 & "'!D22"), 2)} -> 62.46 | C25: =COUNT(INDIRECT("'Calculations " & A25 & "'!B:B")) -> 114 | D25: {=ROUND(INDIRECT("'Puzzle Scores " & A25 & "'!C22"), 2)} -> 37.54
A26: LLAMA | B26: {=ROUND(INDIRECT("'Puzzle Scores " & A26 & "'!D22"), 2)} -> 54.85 | C26: =COUNT(INDIRECT("'Calculations " & A26 & "'!B:B")) -> 131 | D26: {=ROUND(INDIRECT("'Puzzle Scores " & A26 & "'!C22"), 2)} -> 45.43
A27: OPUS | B27: {=ROUND(INDIRECT("'Puzzle Scores " & A27 & "'!D22"), 2)} -> 35.99 | C27: =COUNT(INDIRECT("'Calculations " & A27 & "'!B:B")) -> 223 | D27: {=ROUND(INDIRECT("'Puzzle Scores " & A27 & "'!C22"), 2)} -> 68.88
A28: KIMI | B28: {=ROUND(INDIRECT("'Puzzle Scores " & A28 & "'!D22"), 2)} -> 6.99 | C28: =COUNT(INDIRECT("'Calculations " & A28 & "'!B:B")) -> 191 | D28: {=ROUND(INDIRECT("'Puzzle Scores " & A28 & "'!C22"), 2)} -> 152.09
A29: DEEPSEEK | B29: {=ROUND(INDIRECT("'Puzzle Scores " & A29 & "'!D22"), 2)} -> 2.17 | C29: =COUNT(INDIRECT("'Calculations " & A29 & "'!B:B")) -> 358 | D29: {=ROUND(INDIRECT("'Puzzle Scores " & A29 & "'!C22"), 2)} -> 284.48

Sheet Interpretation Scale
B2: Score Interpretation Scale
B3: 90 - 100 | C3: Excellent | D3: Minimal or absent hallucinations - a reference model for chess explanations
B4: 75 - 89 | C4: Good | D4: A few isolated minor errors - generally reliable explanations
B5: 55 - 74 | C5: Acceptable | D5: Moderate-severity systematic errors - require human verification
B6: 35 - 54 | C6: Weak | D6: Frequent and/or severe hallucinations - unclear explanations
B7: 0 - 34 | C7: Critic | D7: Most of the explanations contain serious factual errors

Sheet Data OPUS
A1: model | B1: puzzle_id | C1: fen | D1: move | E1: original_claim | F1: hallucination_type | G1: fixed_claim | H1: potential_impact
A2: Opus 4.6 | B2: 1 | C2: 3rk2r/pp3p1p/1q2p1pb/3p4/3Q4/P1N1PB1P/1PP3P1/1R1R2K1 b k - 0 1 | E2: Notice that Black's dark-squared bishop on g6... wait, actually the bishop is on h6 (from the position) | F2: piece_placement | G2: Notice that Black's dark-squared bishop on h6 | H2: major
A3: Opus 4.6 | B3: 1 | C3: 3rk2r/pp3p1p/1q2p1pb/3p4/3Q4/P1N1PB1P/1PP3P1/1R1R2K1 b k - 0 1 | D3: Bxe3 | E3: The bishop takes the e3 pawn, and because the White king is on g1, this is a discovered... no, it's actually a direct check from the bishop on e3 to the king on g1 along the diagonal. | F3: reasoning | G3: The bishop takes the e3 pawn and checks the White king on g1 | H3: major
A4: Opus 4.6 | B4: 1 | C4: 3rk2r/pp3p1p/1q2p1pb/3p4/3Q4/P1N1PB1P/1PP3P1/1R1R2K1 b k - 0 1 | D4: Bxe3 | E4: This is a classic example of an "undermining sacrifice" or "removal of the guard" combined with a check. | F4: reasoning | G4: This is a classic example of an X-rayAttack | H4: minor
A5: Opus 4.6 | B5: 2 | C5: r2k3r/pp1b1p2/4p1pn/q2pP3/1b5p/1PNB1Q1P/PBP2P2/2KR2R1 w - - 4 20 | E5: Look at the d5 pawn — it's defended by the bishop on d7 | F5: piece_relations | H5: major
A6: Opus 4.6 | B6: 2 | C6: r2k3r/pp1b1p2/4p1pn/q2pP3/1b5p/1PNB1Q1P/PBP2P2/2KR2R1 w - - 4 20 | E6: a pawn break combination that dismantles Black's central pawn chain and exploits the overloaded d7 bishop. | F6: reasoning | G6: Bishop on d7 is not overloaded | H6: medium
A7: Opus 4.6 | B7: 2 | C7: r2k3r/pp1b1p2/4p1pn/q2pP3/1b5p/1PNB1Q1P/PBP2P2/2KR2R1 w - - 4 20 | D7: Nxd5 | E7: This is not just winning a pawn — it's a clearance sacrifice that opens the e-file and prepares the devastating e6 advance. | F7: geometry | G7: The sacrifice dooes not open the e-file (even if black recaptures, the e-file will be semi-open). It actually opens up the bishop on b2. | H7: medium
A8: Opus 4.6 | B8: 2 | C8: r2k3r/pp1b1p2/4p1pn/q2pP3/1b5p/1PNB1Q1P/PBP2P2/2KR2R1 w - - 4 20 | D8: exd5 | E8: Black recaptures, which is forced — ignoring the knight would simply leave White a pawn up with a dominant position. | F8: move_legality | G8: Recapturing with the pawn is not forced - a queen recapture is also possible | H8: minor
A9: Opus 4.6 | B9: 2 | C9: r2k3r/pp1b1p2/4p1pn/q2pP3/1b5p/1PNB1Q1P/PBP2P2/2KR2R1 w - - 4 20 | D9: e6 | E9: This is a classic pawn fork/deflection idea | F9: reasoning | G9: It is a discovered attack and a double attack - completely misses the fact that the bishop on b2 attacks the h8 rook | H9: major
A10: Opus 4.6 | B10: 2 | C10: r2k3r/pp1b1p2/4p1pn/q2pP3/1b5p/1PNB1Q1P/PBP2P2/2KR2R1 w - - 4 20 | D10: e6 | E10: Now Black faces a serious problem: the bishop must move or be captured, and wherever it goes, White's e6 pawn becomes a monster | F10: reasoning | G10: If the bishop moves, the rook on h8 will be captured by the bishop - completely misses that the bishop can capture the e6 pawn, so it will no longer "a monster" | H10: major
A11: Opus 4.6 | B11: 2 | C11: r2k3r/pp1b1p2/4p1pn/q2pP3/1b5p/1PNB1Q1P/PBP2P2/2KR2R1 w - - 4 20 | D11: e6 | E11: Notice also that the d-file is now open for White's rook on d1 | F11: geometry | G11: There is a black pawn on d5, so the d-file is not open | H11: medium
A12: Opus 4.6 | B12: 2 | C12: r2k3r/pp1b1p2/4p1pn/q2pP3/1b5p/1PNB1Q1P/PBP2P2/2KR2R1 w - - 4 20 | D12: Re8 | E12: Black tries to challenge the e-pawn by placing the rook on the e-file, but the advanced pawn is too strong. | F12: reasoning | G12: Black moves the rook because it is attacked and he wants to lose less points | H12: major
A13: Opus 4.6 | B13: 2 | C13: r2k3r/pp1b1p2/4p1pn/q2pP3/1b5p/1PNB1Q1P/PBP2P2/2KR2R1 w - - 4 20 | D13: exd7 | E13: and the pawn promotes... no, not yet — but the pawn on d7 is extraordinarily powerful. | F13: piece_placement | G13: The pawn captures the bishop on d7, it does not promote | H13: major
A14: Opus 4.6 | B14: 2 | C14: r2k3r/pp1b1p2/4p1pn/q2pP3/1b5p/1PNB1Q1P/PBP2P2/2KR2R1 w - - 4 20 | D14: exd7 | E14: It's one square from promotion and forces Black's king to deal with it personally. | F14: move_legality | G14: King is not forced to capture the pawn, the rook could move to prevent promotion on e8 | H14: minor
A15: Opus 4.6 | B15: 2 | C15: r2k3r/pp1b1p2/4p1pn/q2pP3/1b5p/1PNB1Q1P/PBP2P2/2KR2R1 w - - 4 20 | D15: Kxd7 | E15: The king stands on an open file (the d-file, where White has a rook!) | F15: geometry | G15: There is a black pawn on d5, so the d-file is not open | H15: major
A16: Opus 4.6 | B16: 2 | C16: r2k3r/pp1b1p2/4p1pn/q2pP3/1b5p/1PNB1Q1P/PBP2P2/2KR2R1 w - - 4 20 | E16: Advance the freed pawn to attack the defender (e6) | F16: piece_relations | G16: The bishop on d7 attacked by the move e6 is not defending anything | H16: medium
A17: Opus 4.6 | B17: 2 | C17: r2k3r/pp1b1p2/4p1pn/q2pP3/1b5p/1PNB1Q1P/PBP2P2/2KR2R1 w - - 4 20 | E17: This is a classic example of a "chain destruction" tactic combined with a deflection/exposure theme. | F17: reasoning | G17: Completely misses the discovered attack performed by the bishop on b2 | H17: major
A18: Opus 4.6 | B18: 3 | C18: 5k2/2nr1pp1/pb5p/1p2PP2/4N1R1/P3P2P/1B2K1P1/8 w - - 0 1 | E18: the knight on d7 | F18: piece_placement | G18: knigh is on c7 | H18: major
A19: Opus 4.6 | B19: 3 | C19: 5k2/2nr1pp1/pb5p/1p2PP2/4N1R1/P3P2P/1B2K1P1/8 w - - 0 1 | E19: rook on e7 | F19: piece_placement | G19: rook is on d7 | H19: major
A20: Opus 4.6 | B20: 3 | C20: 5k2/2nr1pp1/pb5p/1p2PP2/4N1R1/P3P2P/1B2K1P1/8 w - - 0 1 | E20: the knight on d7 and rook on e7 are lined up on the same diagonal/file | F20: geometry | G20: The knight and rook are on the same rank (7th) | H20: major
A21: Opus 4.6 | B21: 3 | C21: 5k2/2nr1pp1/pb5p/1p2PP2/4N1R1/P3P2P/1B2K1P1/8 w - - 0 1 | E21: can White exploit the g7 pawn, which is the main shield of Black's king? | F21: reasoning | G21: The pawns on f7 and g7 are protecting the king | H21: minor
A22: Opus 4.6 | B22: 3 | C22: 5k2/2nr1pp1/pb5p/1p2PP2/4N1R1/P3P2P/1B2K1P1/8 w - - 0 1 | E22: Notice that g7 is defended only by the king (f7 is pinned to nothing, but the pawn is there) | F22: reasoning | G22: The g7 pawn is only defended by the King, but unclear why it even mentiones f7? | H22: medium
A23: Opus 4.6 | B23: 3 | C23: 5k2/2nr1pp1/pb5p/1p2PP2/4N1R1/P3P2P/1B2K1P1/8 w - - 0 1 | D23: Rxg7 | E23: A rook sacrifice! White gives up the exchange (and more — a whole rook) | F23: material | G23: White sacrifices a rook for a pawn | H23: medium
A24: Opus 4.6 | B24: 3 | C24: 5k2/2nr1pp1/pb5p/1p2PP2/4N1R1/P3P2P/1B2K1P1/8 w - - 0 1 | D24: Rxg7 | E24: The idea is NOT just to win the g7 pawn, but to clear the way for the e-pawn to advance with devastating effect | F24: geometry | G24: Capturing the pawn on g7 does not clear the way for the pawn to advance, its trying to attract the king to g7 to prepare a discovered attack | H24: medium
A25: Opus 4.6 | B25: 3 | C25: 5k2/2nr1pp1/pb5p/1p2PP2/4N1R1/P3P2P/1B2K1P1/8 w - - 0 1 | D25: Rxg7 | E25: Ask yourself: "After the pawn advances, what happens to the pieces on the e-file and d-file?" | F25: piece_placement | G25: There is no black piece on the e-file | H25: minor
A26: Opus 4.6 | B26: 3 | C26: 5k2/2nr1pp1/pb5p/1p2PP2/4N1R1/P3P2P/1B2K1P1/8 w - - 0 1 | D26: Kxg7 | E26: Black has no real choice — declining the capture leaves White with an overwhelming attack on g7 and f7. | F26: reasoning | G26: Declining the capture leaves white with material advantage - there is no relevant attack on the g7 & f7 squares | H26: major
A27: Opus 4.6 | B27: 3 | C27: 5k2/2nr1pp1/pb5p/1p2PP2/4N1R1/P3P2P/1B2K1P1/8 w - - 0 1 | D27: 2. Rxf7 ?? | F27: reasoning | G27: move suggested by it, blunder | H27: medium
A28: Opus 4.6 | B28: 3 | C28: 5k2/2nr1pp1/pb5p/1p2PP2/4N1R1/P3P2P/1B2K1P1/8 w - - 0 1 | D28: 2...Kg8 ?? | F28: reasoning | G28: move suggested by it, blunder | H28: medium
A29: Opus 4.6 | B29: 3 | C29: 5k2/2nr1pp1/pb5p/1p2PP2/4N1R1/P3P2P/1B2K1P1/8 w - - 0 1 | D29: 3. Re7 ?? | F29: reasoning | G29: move suggested by it, blunder | H29: medium
A30: Opus 4.6 | B30: 3 | C30: 5k2/2nr1pp1/pb5p/1p2PP2/4N1R1/P3P2P/1B2K1P1/8 w - - 0 1 | D30: 3. Re7 ?? | E30: and White is winning with an extra exchange and dominant position. | F30: material | G30: white is losing - is 3 pawns up but will lose a rook | H30: medium
A31: Opus 4.6 | B31: 3 | C31: 5k2/2nr1pp1/pb5p/1p2PP2/4N1R1/P3P2P/1B2K1P1/8 w - - 0 1 | D31: e6+ | E31: The e-pawn storms forward with check (discovered check is not applicable here, but the pawn advance itself gives check by opening no line — actually, it's a direct pawn advance attacking f7 while the pawn on e6 attacks d7). Wait — let's be precise: e6+ is not actually check. Let me re-examine. | F31: reasoning | G31: e6 gives a discovered check. | H31: major
A32: Opus 4.6 | B32: 3 | C32: 5k2/2nr1pp1/pb5p/1p2PP2/4N1R1/P3P2P/1B2K1P1/8 w - - 0 1 | D32: e6+ | E32: meanwhile the pawn on e6 attacks the knight on d7 and threatens to capture it. | F32: piece_placement | G32: the pawn on e6 attacks the ROOK on d7 | H32: major
A33: Opus 4.6 | B33: 3 | C33: 5k2/2nr1pp1/pb5p/1p2PP2/4N1R1/P3P2P/1B2K1P1/8 w - - 0 1 | D33: Kf8 | E33: The king retreats to the only safe square | F33: move_legality | G33: there are other legal moves possible, like Kh7 or f6 | H33: medium
A34: Opus 4.6 | B34: 3 | C34: 5k2/2nr1pp1/pb5p/1p2PP2/4N1R1/P3P2P/1B2K1P1/8 w - - 0 1 | D34: Kf8 | E34: On Kf6?? Nf2 or Kh7, the king wanders into danger. | F34: move_legality | G34: no sure what its claim is here? | H34: major
A35: Opus 4.6 | B35: 3 | C35: 5k2/2nr1pp1/pb5p/1p2PP2/4N1R1/P3P2P/1B2K1P1/8 w - - 0 1 | D35: Kf8 | E35: the pawn is on e6, forking the knight | F35: piece_relations | G35: pawn is attacking the rook | H35: major
A36: Opus 4.6 | B36: 3 | C36: 5k2/2nr1pp1/pb5p/1p2PP2/4N1R1/P3P2P/1B2K1P1/8 w - - 0 1 | D36: exd7 | E36: White captures the knight | F36: piece_placement | G36: white captures the rook | H36: major
A37: Opus 4.6 | B37: 3 | C37: 5k2/2nr1pp1/pb5p/1p2PP2/4N1R1/P3P2P/1B2K1P1/8 w - - 0 1 | D37: exd7 | E37: Black's rook on e7 is now tied down to stopping d8=Q | F37: piece_placement | G37: no black rook on e7 present | H37: major
A38: Opus 4.6 | B38: 3 | C38: 5k2/2nr1pp1/pb5p/1p2PP2/4N1R1/P3P2P/1B2K1P1/8 w - - 0 1 | D38: exd7 | E38: White has won a piece (knight) in the transaction | F38: material | G38: white won 2 pawns | H38: major
A39: Opus 4.6 | B39: 3 | C39: 5k2/2nr1pp1/pb5p/1p2PP2/4N1R1/P3P2P/1B2K1P1/8 w - - 0 1 | D39: exd7 | E39: White sacrificed a rook (5 points) but won a pawn and a knight (1+3 = 4 points) | F39: material | G39: won a pawn and a rook | H39: major
A40: Opus 4.6 | B40: 5 | C40: 8/1p6/4N1pk/5n2/P7/1P3R2/2r4P/7K b - - 0 1 | D40: Kg2 | E40: Forced. The king must move to g2 as it is the only legal square. | F40: move_legality | G40: It is the only legal square for the king, but the rook could also block the check (Rf1) | H40: minor
A41: Opus 4.6 | B41: 5 | C41: 8/1p6/4N1pk/5n2/P7/1P3R2/2r4P/7K b - - 0 1 | D41: Nh4 | E41: The knight leaps to h4 with check (a fork is brewing!) | F41: reasoning | G41: The knight on h4 forks the king and the rook - the fork is not "brewing", it's already happening | H41: minor
... A47: Opus 4.6 | B47: 5 | C47: 8/1p6/4N1pk/5n2/P7/1P3R2/2r4P/7K b - - 0 1 | D47: Kxf3 | E47: White recaptures the knight, but Black has won a whole rook in the transaction. | F47: material | G47: Black has a rook for a knight and a pawn | H47: major
A48: Opus 4.6 | B48: 6 | C48: r2r2k1/pb1nbppp/1p2p3/4P3/7q/PBN1B3/1P2QPPP/2RR2K1 w - - 0 1 | E48: the bishop on e3 would love to reach d4, where it simultaneously controls key diagonals (a1-h8 and h8-a1) and pressures b6 | F48: reasoning | G48: Not the point at all, the bishop controlls d4, which helps protect the rook when it goes on d4 | H48: major
A49: Opus 4.6 | B49: 6 | C49: r2r2k1/pb1nbppp/1p2p3/4P3/7q/PBN1B3/1P2QPPP/2RR2K1 w - - 0 1 | E49: what's stopping Bd4? The answer: Black's queen on h4 controls d4 | F49: reasoning | G49: Nothing is stopping Bd4, the black queen indeed attacks d4, but the rook on d1 would be protecting the bishop | H49: major
A50: Opus 4.6 | B50: 6 | C50: r2r2k1/pb1nbppp/1p2p3/4P3/7q/PBN1B3/1P2QPPP/2RR2K1 w - - 0 1 | E50: how do we remove the queen from its control of d4? | F50: reasoning | G50: puzzle's idea is to trap the queen, has nothing to do with removing its control of d4 | H50: major
A51: Opus 4.6 | B51: 6 | C51: r2r2k1/pb1nbppp/1p2p3/4P3/7q/PBN1B3/1P2QPPP/2RR2K1 w - - 0 1 | D51: Rd4 | E51: A beautiful rook sacrifice! | F51: reasoning | G51: rook is protected, it's not a sacrifice | H51: major
A52: Opus 4.6 | B52: 6 | C52: r2r2k1/pb1nbppp/1p2p3/4P3/7q/PBN1B3/1P2QPPP/2RR2K1 w - - 0 1 | D52: Rd4 | E52: This is a classic deflection/decoy tactic. | F52: reasoning | G52: tactic idea is trapping the queen | H52: major
A53: Opus 4.6 | B53: 6 | C53: r2r2k1/pb1nbppp/1p2p3/4P3/7q/PBN1B3/1P2QPPP/2RR2K1 w - - 0 1 | D53: Rd4 | E53: White offers the rook on d4 | F53: reasoning | G53: rook is protected | H53: major
A54: Opus 4.6 | B54: 6 | C54: r2r2k1/pb1nbppp/1p2p3/4P3/7q/PBN1B3/1P2QPPP/2RR2K1 w - - 0 1 | D54: Rd4 | E54: Because after the queen captures, the bishop on e3 recaptures, reaching the powerful d4 square with devastating effect. | F54: reasoning | G54: It work because after the bishop on e3 recaptures, white has material advantage | H54: medium
A55: Opus 4.6 | B55: 6 | C55: r2r2k1/pb1nbppp/1p2p3/4P3/7q/PBN1B3/1P2QPPP/2RR2K1 w - - 0 1 | D55: Rd4 | E55: Notice that Black essentially must capture — declining the rook leaves White with a powerfully centralized rook on d4 that supports multiple threats | F55: reasoning | G55: Even if black does not capture, he still loses the queen | H55: medium
A56: Opus 4.6 | B56: 6 | C56: r2r2k1/pb1nbppp/1p2p3/4P3/7q/PBN1B3/1P2QPPP/2RR2K1 w - - 0 1 | D56: Rd4 | E56: The rook on d4 would also threaten to swing to h4 or g4 in some lines | F56: reasoning | G56: Even if black does not capture, he still loses the queen | H56: minor
A57: Opus 4.6 | B57: 6 | C57: r2r2k1/pb1nbppp/1p2p3/4P3/7q/PBN1B3/1P2QPPP/2RR2K1 w - - 0 1 | D57: Rd4 | E57: Black takes the rook, which is the most natural and essentially forced response | F57: move_legality | G57: Even if black does not capture, he still loses the queen. Not "essentially forced" | H57: medium
A58: Opus 4.6 | B58: 6 | C58: r2r2k1/pb1nbppp/1p2p3/4P3/7q/PBN1B3/1P2QPPP/2RR2K1 w - - 0 1 | D58: Qxd4 | E58: But by doing so, the queen has been deflected away from its active post on h4 and lured to d4 where it can be exchanged. | F58: reasoning | G58: The queen on d4 can be captured, not "exchanged". Also, there is no deflection here, the queen was trapped | H58: major
A59: Opus 4.6 | B59: 6 | C59: r2r2k1/pb1nbppp/1p2p3/4P3/7q/PBN1B3/1P2QPPP/2RR2K1 w - - 0 1 | D59: Bxd4 | E59: White has exchanged a rook for Black's queen — but wait, it's actually a rook AND bishop for a queen? No! Look again: | F59: material | G59: Thinking out loud should not happen | H59: major
A60: Opus 4.6 | B60: 6 | C60: r2r2k1/pb1nbppp/1p2p3/4P3/7q/PBN1B3/1P2QPPP/2RR2K1 w - - 0 1 | D60: Bxd4 | E60: The bishop on d4 is magnificently placed, dominating the long diagonal, pressuring b6 and aiming at g7. | F60: piece_relations | G60: Bihsop is not aiming at g7, there is a white pawn on e5. Not to mention, the b6 pawn is extremely well defended | H60: minor
A61: Opus 4.6 | B61: 6 | C61: r2r2k1/pb1nbppp/1p2p3/4P3/7q/PBN1B3/1P2QPPP/2RR2K1 w - - 0 1 | D61: Bxd4 | E61: a dominant army against Black's two rooks, two bishops/knight, and no queen. | F61: material | G61: black has 2 rooks, 2 bishops and 1 knight | H61: major
A62: Opus 4.6 | B62: 6 | C62: r2r2k1/pb1nbppp/1p2p3/4P3/7q/PBN1B3/1P2QPPP/2RR2K1 w - - 0 1 | D62: Bxd4 | E62: The lesson here: always look for ways to deflect or decoy a key defending piece. When an enemy piece is controlling an important square, ask yourself — can I sacrifice something on that square to lure the piece away and achieve a greater strategic or tactical goal? | F62: reasoning | G62: Completely misses the point of the tactic, which was trapping the queen on h4 | H62: major
... A64: Opus 4.6 | B64: 6 | C64: r2r2k1/pb1nbppp/1p2p3/4P3/7q/PBN1B3/1P2QPPP/2RR2K1 w - - 0 1 | D64: Bxd4 | E64: One rook sacrifice shattered that defense | F64: reasoning | G64: There was no rook sacrifice | H64: major
A65: Opus 4.6 | B65: 7 | C65: 5rk1/3r1p1p/pq4p1/2R1Q3/1p2P2P/3P4/PP1K2P1/5R2 b - - 0 1 | E65: Notice that White's Queen on e5 is doing double duty — it attacks along the e-file and eyes the kingside | F65: reasoning | G65: Queen attacks nothing on the e-file. It's job is only to protect the c5 rook | H65: medium
A66: Opus 4.6 | B66: 7 | C66: 5rk1/3r1p1p/pq4p1/2R1Q3/1p2P2P/3P4/PP1K2P1/5R2 b - - 0 1 | D66: 1...Qxc5? | E66: Because after 1...Qxc5?? 2.Qe8! would be devastating, doubling onto the back rank with threats against the Rook on f8 and delivering checkmate ideas | F66: reasoning | G66: Qe8 = Big blunder. 1...Qxc5 would not work simply because the white queen could recapture | H66: major
A67: Opus 4.6 | B67: 7 | C67: 5rk1/3r1p1p/pq4p1/2R1Q3/1p2P2P/3P4/PP1K2P1/5R2 b - - 0 1 | D67: Qf4 | E67: Other Queen moves are worse: 2.Qe6+ Rf7 and Black is fine since the Queen has lost its grip on the position; 2.Qe7 Qxc5+ wins the Rook with check; 2.Qb8 Qxc5+ again wins material. | F67: reasoning | G67: All suggested moves are wrong. It was worth mentioning that wherever the queen would go to keep the protection on c5, it would get captured | H67: major
A68: Opus 4.6 | B68: 7 | C68: 5rk1/3r1p1p/pq4p1/2R1Q3/1p2P2P/3P4/PP1K2P1/5R2 b - - 0 1 | D68: Qxc5 | E68: Black simply captures the Rook on c5 with the Queen, winning a full exchange (Rook for nothing) | F68: material | G68: Black wins a full rook, not an exchange | H68: minor
A69: Opus 4.6 | B69: 8 | C69: 5r2/1rp2pkp/3qbp2/8/1b6/1Q2N1P1/PP2PP1P/2RR2K1 w - - 0 1 | E69: queen is currently protected and White cannot simply capture it | F69: reasoning | G69: white should not capture the queen directly, but not because it is protected, but because the black bishop is also attacking the white queen | H69: minor
A70: Opus 4.6 | B70: 8 | C70: 5r2/1rp2pkp/3qbp2/8/1b6/1Q2N1P1/PP2PP1P/2RR2K1 w - - 0 1 | E70: The bishop on e6 is a critical defender -- it shields the d6-queen from the d1-rook | F70: piece_relations | G70: Bishop on e6 is not protecting the black queen, its job is attacking the WHITE queen | H70: major
A71: Opus 4.6 | B71: 8 | C71: 5r2/1rp2pkp/3qbp2/8/1b6/1Q2N1P1/PP2PP1P/2RR2K1 w - - 0 1 | E71: This is our premise: we need to deflect or eliminate the e6-bishop. | F71: reasoning | G71: You need the e6-bishop to not attack the white queen anymore. It would be called "deflection" is the bishop would be lured/forced away from protecting the f5 square | H71: medium
A72: Opus 4.6 | B72: 8 | C72: 5r2/1rp2pkp/3qbp2/8/1b6/1Q2N1P1/PP2PP1P/2RR2K1 w - - 0 1 | D72: Nf5+ | E72: The knight leaps to f5, attacking the king (since it delivers a discovered... no, it directly gives check to the king on g7 via the knight on f5) | F72: reasoning | G72: Nf5 directly checks the king | H72: major
A73: Opus 4.6 | B73: 8 | C73: 5r2/1rp2pkp/3qbp2/8/1b6/1Q2N1P1/PP2PP1P/2RR2K1 w - - 0 1 | D73: Nf5+ | E73: Actually, let's be precise: Nf5+ forks the king on g7 indirectly | F73: reasoning | G73: Nf5 DIRECTLY forks the king and the queen | H73: major
A74: Opus 4.6 | B74: 8 | C74: 5r2/1rp2pkp/3qbp2/8/1b6/1Q2N1P1/PP2PP1P/2RR2K1 w - - 0 1 | D74: Nf5+ | E74: Notice the double function of the e6-bishop: it defends the queen on d6 AND it is the only piece that can reasonably respond to the check | F74: piece_relations | G74: Bishop on e6 is not protecting the black queen, its job is attacking the WHITE queen | H74: major
A75: Opus 4.6 | B75: 8 | C75: 5r2/1rp2pkp/3qbp2/8/1b6/1Q2N1P1/PP2PP1P/2RR2K1 w - - 0 1 | D75: Nf5+ | E75: blocking with ...Bf6 doesn't work as the bishop is on e6, | F75: move_legality | G75: There is no such move as Bf6.. there is already a black pawn on f6, not to mention you cannot block a check given by a knight | H75: major
A76: Opus 4.6 | B76: 8 | C76: 5r2/1rp2pkp/3qbp2/8/1b6/1Q2N1P1/PP2PP1P/2RR2K1 w - - 0 1 | D76: Nf5+ | E76: and the king has no good squares | F76: reasoning | G76: The king can move, but that would allow 2.Nd6-Bb3 2.Nb7-Bd1 3.Rd1 with material advantage for white | H76: major
A77: Opus 4.6 | B77: 8 | C77: 5r2/1rp2pkp/3qbp2/8/1b6/1Q2N1P1/PP2PP1P/2RR2K1 w - - 0 1 | D77: Nf5+ | E77: This is a classic deflection sacrifice -- we force a defender away from its critical defensive duty | F77: piece_relations | G77: The bishop on e6 was attacking the queen on b3, this is why we want it to move; also, it is just a piece sacrifice, not a deflection sacrifice | H77: major
A78: Opus 4.6 | B78: 8 | C78: 5r2/1rp2pkp/3qbp2/8/1b6/1Q2N1P1/PP2PP1P/2RR2K1 w - - 0 1 | D78: Bxf5+ | E78: Black captures the knight, which is essentially forced. The king cannot move to a safe square easily (Kh6 runs into dangerous attacks), | F78: move_legality | G78: The king could move away, but it would not work because the knight could then capture the queen. But the suugested move Kh6 is illegal. | H78: major
A79: Opus 4.6 | B79: 8 | C79: 5r2/1rp2pkp/3qbp2/8/1b6/1Q2N1P1/PP2PP1P/2RR2K1 w - - 0 1 | D79: Bxf5+ | E79: Black captures the knight, which is essentially forced. The king cannot move to a safe square easily (Kh8 or Kg8 still leaves the knight checking pattern), | F79: reasoning | G79: Kh8/Kg8 leaves the knight checking pattern - does not make sense. Those moves allow the knight to capture the queen | H79: major
A80: Opus 4.6 | B80: 8 | C80: 5r2/1rp2pkp/3qbp2/8/1b6/1Q2N1P1/PP2PP1P/2RR2K1 w - - 0 1 | D80: Bxf5+ | E80: But now the e6 square is vacated, and crucially, the bishop no longer defends the queen on d6 | F80: piece_relations | G80: Bishop on e6 is not protecting the black queen | H80: major
A81: Opus 4.6 | B81: 8 | C81: 5r2/1rp2pkp/3qbp2/8/1b6/1Q2N1P1/PP2PP1P/2RR2K1 w - - 0 1 | D81: Bxf5+ | E81: The d-file is now fully open for White's rook. | F81: reasoning | G81: There has been no change on the d-file | H81: minor
A82: Opus 4.6 | B82: 8 | C82: 5r2/1rp2pkp/3qbp2/8/1b6/1Q2N1P1/PP2PP1P/2RR2K1 w - - 0 1 | D82: Rxd6 | E82: White sacrificed a knight (3 points) but won Black's queen (9 points). Even accounting for Black having captured the knight (gaining a piece worth 3), White comes out massively ahead -- a net gain of roughly a queen for a knight, which is about +6 in material | F82: material | G82: Black will also capture the rook, so will get a rook and knight for the queen | H82: major
A83: Opus 4.6 | B83: 8 | C83: 5r2/1rp2pkp/3qbp2/8/1b6/1Q2N1P1/PP2PP1P/2RR2K1 w - - 0 1 | D83: Rxd6 | E83: The tactical pattern here is a classic DEFLECTION | F83: reasoning | G83: The tactical pattern is a sacrifce and also Zwischenzug/Intermediate Move (the player postpones an anticipated move in order to make a forcing intermediate move) | H83: major
... A86: Opus 4.6 | B86: 8 | C86: 5r2/1rp2pkp/3qbp2/8/1b6/1Q2N1P1/PP2PP1P/2RR2K1 w - - 0 1 | D86: Rxd6 | E86: Rooks on open files aimed at enemy pieces create latent threats that can be activated by removing defenders. | F86: reasoning | G86: again, there was no such theme in this puzzle. the rook was directly attacking the queen | H86: minor
A87: Opus 4.6 | B87: 9 | C87: r3rb1k/2qn2pp/2p2p2/ppn1p2b/4P3/1PB1NPPB/P1P3QP/3RNR1K w - - 0 1 | E87: White's light-squared bishop on h3 is staring down the b3-h3 diagonal | F87: geometry | G87: h3-c8 diagonal | H87: major
A88: Opus 4.6 | B88: 9 | C88: r3rb1k/2qn2pp/2p2p2/ppn1p2b/4P3/1PB1NPPB/P1P3QP/3RNR1K w - - 0 1 | E88: what is preventing White from exploiting the h3-h5 diagonal? | F88: geometry | G88: should be either h3-c8 diagonal or the h-file | H88: major
A89: Opus 4.6 | B89: 9 | C89: r3rb1k/2qn2pp/2p2p2/ppn1p2b/4P3/1PB1NPPB/P1P3QP/3RNR1K w - - 0 1 | E89: The answer is Black's knight on d7, which could potentially reroute, and more importantly, the d7 knight is a key defensive coordinator. | F89: reasoning | G89: the explanation does not make sense. it could mention instead that the knight on d7 is attacked by the bishop on h3 & the rook on d1 | H89: major
A90: Opus 4.6 | B90: 9 | C90: r3rb1k/2qn2pp/2p2p2/ppn1p2b/4P3/1PB1NPPB/P1P3QP/3RNR1K w - - 0 1 | E90: When you see a piece that serves a dual purpose — defending and coordinating — think about how to eliminate or deflect it! | F90: reasoning | G90: again misses the point - the idea is the knight is attacked by the bishop & can be captured, which would lead to the clearance of the h3 square | H90: minor
A91: Opus 4.6 | B91: 9 | C91: r3rb1k/2qn2pp/2p2p2/ppn1p2b/4P3/1PB1NPPB/P1P3QP/3RNR1K w - - 0 1 | D91: Bxd7 | E91: By eliminating the d7 knight, White accomplishes two things: (1) it removes a defender that helps coordinate Black's position, | F91: reasoning | G91: this is false, it only clears the square h3 for the queen | H91: major
A92: Opus 4.6 | B92: 9 | C92: r3rb1k/2qn2pp/2p2p2/ppn1p2b/4P3/1PB1NPPB/P1P3QP/3RNR1K w - - 0 1 | D92: Nxd7 | E92: Black recaptures, which is essentially forced. Taking with the queen would leave d7 unprotected | F92: reasoning | G92: False, taking with the queen would allow the rook on d1 to capture it | H92: major
A93: Opus 4.6 | B93: 9 | C93: r3rb1k/2qn2pp/2p2p2/ppn1p2b/4P3/1PB1NPPB/P1P3QP/3RNR1K w - - 0 1 | D93: Nxd7 | E93: and the bishop on h5 has no knight on d7 to help cover key squares | F93: piece_relations | G93: the knight on d7 had nothing to do with the bishop on h5 | H93: major
A94: Opus 4.6 | B94: 9 | C94: r3rb1k/2qn2pp/2p2p2/ppn1p2b/4P3/1PB1NPPB/P1P3QP/3RNR1K w - - 0 1 | D94: Nxd7 | E94: The h5 bishop is only defended by the g-pawn (if it were to move) — but wait, it's actually completely undefended! | F94: piece_relations | G94: The bishop on h5 is unprotected | H94: major
A95: Opus 4.6 | B95: 9 | C95: r3rb1k/2qn2pp/2p2p2/ppn1p2b/4P3/1PB1NPPB/P1P3QP/3RNR1K w - - 0 1 | D95: Qh3 | E95: This is a classic "remove the defender, then attack the target" pattern. | F95: reasoning | G95: False, this was square clearance followed by double attack | H95: major
A96: Opus 4.6 | B96: 9 | C96: r3rb1k/2qn2pp/2p2p2/ppn1p2b/4P3/1PB1NPPB/P1P3QP/3RNR1K w - - 0 1 | D96: Qh3 | E96: there is no easy way to defend it | F96: reasoning | G96: Flase, the bishop can be protected or move away, but then the knight in d7 would get captured | H96: major
A97: Opus 4.6 | B97: 9 | C97: r3rb1k/2qn2pp/2p2p2/ppn1p2b/4P3/1PB1NPPB/P1P3QP/3RNR1K w - - 0 1 | D97: Qh3 | E97: the queen on h3 creates a battery-like pressure along the third rank | F97: geometry | G97: There are only white pawns on the 3rd rank on g3 and h3, no battery | H97: medium
A98: Opus 4.6 | B98: 9 | C98: r3rb1k/2qn2pp/2p2p2/ppn1p2b/4P3/1PB1NPPB/P1P3QP/3RNR1K w - - 0 1 | D98: Rad8 | E98: Black develops the rook to d8, perhaps hoping to create pressure on the d-file | F98: reasoning | G98: Moving the rook on d8 defends the knight on d7 which is also under attack | H98: major
A99: Opus 4.6 | B99: 9 | C99: r3rb1k/2qn2pp/2p2p2/ppn1p2b/4P3/1PB1NPPB/P1P3QP/3RNR1K w - - 0 1 | D99: Rad8 | E99: This is a common defensive error in puzzles — playing a "useful-looking" move instead of addressing the direct threat | F99: reasoning | G99: Completely misses that the queen was doing a double attack and the Rad8 is trying to protect one of the pieces | H99: minor
A100: Opus 4.6 | B100: 9 | C100: r3rb1k/2qn2pp/2p2p2/ppn1p2b/4P3/1PB1NPPB/P1P3QP/3RNR1K w - - 0 1 | D100: Qxh5 | E100: Exchange the obstructing piece in a way that also removes a defender | F100: reasoning | G100: There was no removing the defender here | H100: minor
A101: Opus 4.6 | B101: 10 | C101: r2r2k1/5pp1/pp6/2b1R3/3N4/2P2P1P/1PR3P1/6K1 b - - 0 1 | D101: Rxd4 | E101: The pawn on c3 is forced to recapture (it's the only piece defending d4 after the knight is gone | F101: piece_relations | G101: the pawn on c3 is the only piece defending d4 period, the knight being gone has nothing to do with it, as the knight was not protecting d4 | H101: medium
A102: Opus 4.6 | B102: 10 | C102: r2r2k1/5pp1/pp6/2b1R3/3N4/2P2P1P/1PR3P1/6K1 b - - 0 1 | D102: Rxd4 | E102: When the c3 pawn moves to d4, it opens the diagonal for the bishop to deliver a deadly check. | F102: geometry | G102: it does not open the diagonal, it simply does not defend the d4 sqaure anymore | H102: medium
A103: Opus 4.6 | B103: 10 | C103: r2r2k1/5pp1/pp6/2b1R3/3N4/2P2P1P/1PR3P1/6K1 b - - 0 1 | D103: Rxd4 | E103: This is a classic "clearance + deflection" combination | F103: reasoning | G103: Theme is: exchange sacrifice, aimed to remove the defender of the d4 square and followed by a double attack | H103: medium
A104: Opus 4.6 | B104: 10 | C104: r2r2k1/5pp1/pp6/2b1R3/3N4/2P2P1P/1PR3P1/6K1 b - - 0 1 | D104: Rxd4 | E104: opening the a1-g1 diagonal | F104: geometry | H104: major
A105: Opus 4.6 | B105: 10 | C105: r2r2k1/5pp1/pp6/2b1R3/3N4/2P2P1P/1PR3P1/6K1 b - - 0 1 | D105: cxd4 | E105: But now the c3 pawn has moved to d4, and the a7-g1 diagonal is wide open. | F105: geometry | G105: The diagonal is not open, but the d4 square is no logner defender by white | H105: major
A106: Opus 4.6 | B106: 10 | C106: r2r2k1/5pp1/pp6/2b1R3/3N4/2P2P1P/1PR3P1/6K1 b - - 0 1 | D106: Bxd4+ | E106: forking the White king on g1 and the rook on b2 | F106: piece_placement | G106: there is no rook on b2; it is double attacking the king and rook on e5 | H106: major
A107: Opus 4.6 | B107: 10 | C107: r2r2k1/5pp1/pp6/2b1R3/3N4/2P2P1P/1PR3P1/6K1 b - - 0 1 | D107: Bxd4+ | E107: Black will capture the rook on b2 with Bxb2 | F107: piece_placement | G107: there is no rook on b2; he will capture rook on e5 | H107: major
A108: Opus 4.6 | B108: 10 | C108: r2r2k1/5pp1/pp6/2b1R3/3N4/2P2P1P/1PR3P1/6K1 b - - 0 1 | D108: Bxd4+ | E108: The pattern to remember: Always look for X-ray relationships between your bishops and the opponent's king | F108: reasoning | G108: no x-ray here | H108: major
...

Sheet Calculations OPUS
A1: Row Idx | B1: Puzzle ID | C1: Hallucination Type | D1: Impact (cleaned) | E1: W_c (weight) | F1: M_s (×severity) | G1: k (rank in group) | H1: δ^(k-1) (decay) | I1: P (penalty)
A2: 1 | B2: ='Data OPUS'!B2 -> 1 | C2: ='Data OPUS'!F2 -> piece_placement | D2: =LOWER(TRIM('Data OPUS'!H2)) -> major | E2: =IF(ISNUMBER(SEARCH("move_legality",C2)),Parameters!$B$4,IF(ISNUMBER(SEARCH("piece_placement",C2)),Parameters!$B$5,IF(ISNUMBER(SEARCH("material",C2)),Parameters!$B$6,IF(ISNUMBER(SEARCH("piece_relations",C2)),Parameters!$B$7,IF(ISNUMBER(SEARCH("geometry",C2)),Parameters!$B$8,IF(ISNUMBER(SEARCH("reasoning",C2)),Parameters!$B$9,Parameters!$B$10)))))) -> 6 | F2: =IF(D2="major",Parameters!$B$14,IF(D2="medium",Parameters!$B$15,Parameters!$B$16)) -> 3 | G2: =COUNTIFS($B$2:$B$224,B2,$C$2:$C$224,C2,$F$2:$F$224,">"&F2)+COUNTIFS($B$2:$B$224,B2,$C$2:$C$224,C2,$F$2:$F$224,F2,$A$2:$A$224,"<="&A2) -> 1 | H2: =Parameters!$B$20^(G2-1) -> 1 | I2: =E2*F2*H2 -> 18
A3: 2 | B3: ='Data OPUS'!B3 -> 1 | C3: ='Data OPUS'!F3 -> reasoning | D3: =LOWER(TRIM('Data OPUS'!H3)) -> major | E3: =IF(ISNUMBER(SEARCH("move_legality",C3)),Parameters!$B$4,IF(ISNUMBER(SEARCH("piece_placement",C3)),Parameters!$B$5,IF(ISNUMBER(SEARCH("material",C3)),Parameters!$B$6,IF(ISNUMBER(SEARCH("piece_relations",C3)),Parameters!$B$7,IF(ISNUMBER(SEARCH("geometry",C3)),Parameters!$B$8,IF(ISNUMBER(SEARCH("reasoning",C3)),Parameters!$B$9,Parameters!$B$10)))))) -> 2 | F3: =IF(D3="major",Parameters!$B$14,IF(D3="medium",Parameters!$B$15,Parameters!$B$16)) -> 3 | G3: =COUNTIFS($B$2:$B$224,B3,$C$2:$C$224,C3,$F$2:$F$224,">"&F3)+COUNTIFS($B$2:$B$224,B3,$C$2:$C$224,C3,$F$2:$F$224,F3,$A$2:$A$224,"<="&A3) -> 1 | H3: =Parameters!$B$20^(G3-1) -> 1 | I3: =E3*F3*H3 -> 6
A4: 3 | B4: ='Data OPUS'!B4 -> 1 | C4: ='Data OPUS'!F4 -> reasoning | D4: =LOWER(TRIM('Data OPUS'!H4)) -> minor | E4: =IF(ISNUMBER(SEARCH("move_legality",C4)),Parameters!$B$4,IF(ISNUMBER(SEARCH("piece_placement",C4)),Parameters!$B$5,IF(ISNUMBER(SEARCH("material",C4)),Parameters!$B$6,IF(ISNUMBER(SEARCH("piece_relations",C4)),Parameters!$B$7,IF(ISNUMBER(SEARCH("geometry",C4)),Parameters!$B$8,IF(ISNUMBER(SEARCH("reasoning",C4)),Parameters!$B$9,Parameters!$B$10)))))) -> 2 | F4: =IF(D4="major",Parameters!$B$14,IF(D4="medium",Parameters!$B$15,Parameters!$B$16)) -> 1 | G4: =COUNTIFS($B$2:$B$224,B4,$C$2:$C$224,C4,$F$2:$F$224,">"&F4)+COUNTIFS($B$2:$B$224,B4,$C$2:$C$224,C4,$F$2:$F$224,F4,$A$2:$A$224,"<="&A4) -> 2 | H4: =Parameters!$B$20^(G4-1) -> 0.7 | I4: =E4*F4*H4 -> 1.4
A5: 4 | B5: ='Data OPUS'!B5 -> 2 | C5: ='Data OPUS'!F5 -> piece_relations | D5: =LOWER(TRIM('Data OPUS'!H5)) -> major | E5: =IF(ISNUMBER(SEARCH("move_legality",C5)),Parameters!$B$4,IF(ISNUMBER(SEARCH("piece_placement",C5)),Parameters!$B$5,IF(ISNUMBER(SEARCH("material",C5)),Parameters!$B$6,IF(ISNUMBER(SEARCH("piece_relations",C5)),Parameters!$B$7,IF(ISNUMBER(SEARCH("geometry",C5)),Parameters!$B$8,IF(ISNUMBER(SEARCH("reasoning",C5)),Parameters!$B$9,Parameters!$B$10)))))) -> 4 | F5: =IF(D5="major",Parameters!$B$14,IF(D5="medium",Parameters!$B$15,Parameters!$B$16)) -> 3 | G5: =COUNTIFS($B$2:$B$224,B5,$C$2:$C$224,C5,$F$2:$F$224,">"&F5)+COUNTIFS($B$2:$B$224,B5,$C$2:$C$224,C5,$F$2:$F$224,F5,$A$2:$A$224,"<="&A5) -> 1 | H5: =Parameters!$B$20^(G5-1) -> 1 | I5: =E5*F5*H5 -> 12
A6: 5 | B6: ='Data OPUS'!B6 -> 2 | C6: ='Data OPUS'!F6 -> reasoning | D6: =LOWER(TRIM('Data OPUS'!H6)) -> medium | E6: =IF(ISNUMBER(SEARCH("move_legality",C6)),Parameters!$B$4,IF(ISNUMBER(SEARCH("piece_placement",C6)),Parameters!$B$5,IF(ISNUMBER(SEARCH("material",C6)),Parameters!$B$6,IF(ISNUMBER(SEARCH("piece_relations",C6)),Parameters!$B$7,IF(ISNUMBER(SEARCH("geometry",C6)),Parameters!$B$8,IF(ISNUMBER(SEARCH("reasoning",C6)),Parameters!$B$9,Parameters!$B$10)))))) -> 2 | F6: =IF(D6="major",Parameters!$B$14,IF(D6="medium",Parameters!$B$15,Parameters!$B$16)) -> 2 | G6: =COUNTIFS($B$2:$B$224,B6,$C$2:$C$224,C6,$F$2:$F$224,">"&F6)+COUNTIFS($B$2:$B$224,B6,$C$2:$C$224,C6,$F$2:$F$224,F6,$A$2:$A$224,"<="&A6) -> 5 | H6: =Parameters!$B$20^(G6-1) -> 0.2401 | I6: =E6*F6*H6 -> 0.9604
A7: 6 | B7: ='Data OPUS'!B7 -> 2 | C7: ='Data OPUS'!F7 -> geometry | D7: =LOWER(TRIM('Data OPUS'!H7)) -> medium | E7: =IF(ISNUMBER(SEARCH("move_legality",C7)),Parameters!$B$4,IF(ISNUMBER(SEARCH("piece_placement",C7)),Parameters!$B$5,IF(ISNUMBER(SEARCH("material",C7)),Parameters!$B$6,IF(ISNUMBER(SEARCH("piece_relations",C7)),Parameters!$B$7,IF(ISNUMBER(SEARCH("geometry",C7)),Parameters!$B$8,IF(ISNUMBER(SEARCH("reasoning",C7)),Parameters!$B$9,Parameters!$B$10)))))) -> 3 | F7: =IF(D7="major",Parameters!$B$14,IF(D7="medium",Parameters!$B$15,Parameters!$B$16)) -> 2 | G7: =COUNTIFS($B$2:$B$224,B7,$C$2:$C$224,C7,$F$2:$F$224,">"&F7)+COUNTIFS($B$2:$B$224,B7,$C$2:$C$224,C7,$F$2:$F$224,F7,$A$2:$A$224,"<="&A7) -> 2 | H7: =Parameters!$B$20^(G7-1) -> 0.7 | I7: =E7*F7*H7 -> 4.2
A8: 7 | B8: ='Data OPUS'!B8 -> 2 | C8: ='Data OPUS'!F8 -> move_legality | D8: =LOWER(TRIM('Data OPUS'!H8)) -> minor | E8: =IF(ISNUMBER(SEARCH("move_legality",C8)),Parameters!$B$4,IF(ISNUMBER(SEARCH("piece_placement",C8)),Parameters!$B$5,IF(ISNUMBER(SEARCH("material",C8)),Parameters!$B$6,IF(ISNUMBER(SEARCH("piece_relations",C8)),Parameters!$B$7,IF(ISNUMBER(SEARCH("geometry",C8)),Parameters!$B$8,IF(ISNUMBER(SEARCH("reasoning",C8)),Parameters!$B$9,Parameters!$B$10)))))) -> 8 | F8: =IF(D8="major",Parameters!$B$14,IF(D8="medium",Parameters!$B$15,Parameters!$B$16)) -> 1 | G8: =COUNTIFS($B$2:$B$224,B8,$C$2:$C$224,C8,$F$2:$F$224,">"&F8)+COUNTIFS($B$2:$B$224,B8,$C$2:$C$224,C8,$F$2:$F$224,F8,$A$2:$A$224,"<="&A8) -> 1 | H8: =Parameters!$B$20^(G8-1) -> 1 | I8: =E8*F8*H8 -> 8
A9: 8 | B9: ='Data OPUS'!B9 -> 2 | C9: ='Data OPUS'!F9 -> reasoning | D9: =LOWER(TRIM('Data OPUS'!H9)) -> major | E9: =IF(ISNUMBER(SEARCH("move_legality",C9)),Parameters!$B$4,IF(ISNUMBER(SEARCH("piece_placement",C9)),Parameters!$B$5,IF(ISNUMBER(SEARCH("material",C9)),Parameters!$B$6,IF(ISNUMBER(SEARCH("piece_relations",C9)),Parameters!$B$7,IF(ISNUMBER(SEARCH("geometry",C9)),Parameters!$B$8,IF(ISNUMBER(SEARCH("reasoning",C9)),Parameters!$B$9,Parameters!$B$10)))))) -> 2 | F9: =IF(D9="major",Parameters!$B$14,IF(D9="medium",Parameters!$B$15,Parameters!$B$16)) -> 3 | G9: =COUNTIFS($B$2:$B$224,B9,$C$2:$C$224,C9,$F$2:$F$224,">"&F9)+COUNTIFS($B$2:$B$224,B9,$C$2:$C$224,C9,$F$2:$F$224,F9,$A$2:$A$224,"<="&A9) -> 1 | H9: =Parameters!$B$20^(G9-1) -> 1 | I9: =E9*F9*H9 -> 6
A10: 9 | B10: ='Data OPUS'!B10 -> 2 | C10: ='Data OPUS'!F10 -> reasoning | D10: =LOWER(TRIM('Data OPUS'!H10)) -> major | E10: =IF(ISNUMBER(SEARCH("move_legality",C10)),Parameters!$B$4,IF(ISNUMBER(SEARCH("piece_placement",C10)),Parameters!$B$5,IF(ISNUMBER(SEARCH("material",C10)),Parameters!$B$6,IF(ISNUMBER(SEARCH("piece_relations",C10)),Parameters!$B$7,IF(ISNUMBER(SEARCH("geometry",C10)),Parameters!$B$8,IF(ISNUMBER(SEARCH("reasoning",C10)),Parameters!$B$9,Parameters!$B$10)))))) -> 2 | F10: =IF(D10="major",Parameters!$B$14,IF(D10="medium",Parameters!$B$15,Parameters!$B$16)) -> 3 | G10: =COUNTIFS($B$2:$B$224,B10,$C$2:$C$224,C10,$F$2:$F$224,">"&F10)+COUNTIFS($B$2:$B$224,B10,$C$2:$C$224,C10,$F$2:$F$224,F10,$A$2:$A$224,"<="&A10) -> 2 | H10: =Parameters!$B$20^(G10-1) -> 0.7 | I10: =E10*F10*H10 -> 4.2
A11: 10 | B11: ='Data OPUS'!B11 -> 2 | C11: ='Data OPUS'!F11 -> geometry | D11: =LOWER(TRIM('Data OPUS'!H11)) -> medium | E11: =IF(ISNUMBER(SEARCH("move_legality",C11)),Parameters!$B$4,IF(ISNUMBER(SEARCH("piece_placement",C11)),Parameters!$B$5,IF(ISNUMBER(SEARCH("material",C11)),Parameters!$B$6,IF(ISNUMBER(SEARCH("piece_relations",C11)),Parameters!$B$7,IF(ISNUMBER(SEARCH("geometry",C11)),Parameters!$B$8,IF(ISNUMBER(SEARCH("reasoning",C11)),Parameters!$B$9,Parameters!$B$10)))))) -> 3 | F11: =IF(D11="major",Parameters!$B$14,IF(D11="medium",Parameters!$B$15,Parameters!$B$16)) -> 2 | G11: =COUNTIFS($B$2:$B$224,B11,$C$2:$C$224,C11,$F$2:$F$224,">"&F11)+COUNTIFS($B$2:$B$224,B11,$C$2:$C$224,C11,$F$2:$F$224,F11,$A$2:$A$224,"<="&A11) -> 3 | H11: =Parameters!$B$20^(G11-1) -> 0.49 | I11: =E11*F11*H11 -> 2.94
A12: 11 | B12: ='Data OPUS'!B12 -> 2 | C12: ='Data OPUS'!F12 -> reasoning | D12: =LOWER(TRIM('Data OPUS'!H12)) -> major | E12: =IF(ISNUMBER(SEARCH("move_legality",C12)),Parameters!$B$4,IF(ISNUMBER(SEARCH("piece_placement",C12)),Parameters!$B$5,IF(ISNUMBER(SEARCH("material",C12)),Parameters!$B$6,IF(ISNUMBER(SEARCH("piece_relations",C12)),Parameters!$B$7,IF(ISNUMBER(SEARCH("geometry",C12)),Parameters!$B$8,IF(ISNUMBER(SEARCH("reasoning",C12)),Parameters!$B$9,Parameters!$B$10)))))) -> 2 | F12: =IF(D12="major",Parameters!$B$14,IF(D12="medium",Parameters!$B$15,Parameters!$B$16)) -> 3 | G12: =COUNTIFS($B$2:$B$224,B12,$C$2:$C$224,C12,$F$2:$F$224,">"&F12)+COUNTIFS($B$2:$B$224,B12,$C$2:$C$224,C12,$F$2:$F$224,F12,$A$2:$A$224,"<="&A12) -> 3 | H12: =Parameters!$B$20^(G12-1) -> 0.49 | I12: =E12*F12*H12 -> 2.94
A13: 12 | B13: ='Data OPUS'!B13 -> 2 | C13: ='Data OPUS'!F13 -> piece_placement | D13: =LOWER(TRIM('Data OPUS'!H13)) -> major | E13: =IF(ISNUMBER(SEARCH("move_legality",C13)),Parameters!$B$4,IF(ISNUMBER(SEARCH("piece_placement",C13)),Parameters!$B$5,IF(ISNUMBER(SEARCH("material",C13)),Parameters!$B$6,IF(ISNUMBER(SEARCH("piece_relations",C13)),Parameters!$B$7,IF(ISNUMBER(SEARCH("geometry",C13)),Parameters!$B$8,IF(ISNUMBER(SEARCH("reasoning",C13)),Parameters!$B$9,Parameters!$B$10)))))) -> 6 | F13: =IF(D13="major",Parameters!$B$14,IF(D13="medium",Parameters!$B$15,Parameters!$B$16)) -> 3 | G13: =COUNTIFS($B$2:$B$224,B13,$C$2:$C$224,C13,$F$2:$F$224,">"&F13)+COUNTIFS($B$2:$B$224,B13,$C$2:$C$224,C13,$F$2:$F$224,F13,$A$2:$A$224,"<="&A13) -> 1 | H13: =Parameters!$B$20^(G13-1) -> 1 | I13: =E13*F13*H13 -> 18
... A224: 223 | B224: ='Data OPUS'!B224 -> 4 | C224: ='Data OPUS'!F224 -> reasoning | D224: =LOWER(TRIM('Data OPUS'!H224)) -> medium | E224: =IF(ISNUMBER(SEARCH("move_legality",C224)),Parameters!$B$4,IF(ISNUMBER(SEARCH("piece_placement",C224)),Parameters!$B$5,IF(ISNUMBER(SEARCH("material",C224)),Parameters!$B$6,IF(ISNUMBER(SEARCH("piece_relations",C224)),Parameters!$B$7,IF(ISNUMBER(SEARCH("geometry",C224)),Parameters!$B$8,IF(ISNUMBER(SEARCH("reasoning",C224)),Parameters!$B$9,Parameters!$B$10)))))) -> 2 | F224: =IF(D224="major",Parameters!$B$14,IF(D224="medium",Parameters!$B$15,Parameters!$B$16)) -> 2 | G224: =COUNTIFS($B$2:$B$224,B224,$C$2:$C$224,C224,$F$2:$F$224,">"&F224)+COUNTIFS($B$2:$B$224,B224,$C$2:$C$224,C224,$F$2:$F$224,F224,$A$2:$A$224,"<="&A224) -> 4 | H224: =Parameters!$B$20^(G224-1) -> 0.343 | I224: =E224*F224*H224 -> 1.372

Sheet Puzzle Scores OPUS
A1: Puzzle ID | B1: Hallucinations (count) | C1: P_total (sum of penalties) | D1: Score_p = MAX(0, 100−P_total) | E1: Interpretation
A2: 1 | B2: =COUNTIF('Calculations OPUS'!$B:$B, A2) -> 3 | C2: =SUMIF('Calculations OPUS'!$B:$B, A2, 'Calculations OPUS'!$I:$I) -> 25.4 | D2: =MAX(0,100-C2) -> 74.6 | E2: =IF(D2>=90,"Excellent",IF(D2>=75,"Good",IF(D2>=55,"Acceptable",IF(D2>=35,"Weak","Critic")))) -> Acceptable
A3: 2 | B3: =COUNTIF('Calculations OPUS'!$B:$B, A3) -> 13 | C3: =SUMIF('Calculations OPUS'!$B:$B, A3, 'Calculations OPUS'!$I:$I) -> 81.4984 | D3: =MAX(0,100-C3) -> 18.5016 | E3: =IF(D3>=90,"Excellent",IF(D3>=75,"Good",IF(D3>=55,"Acceptable",IF(D3>=35,"Weak","Critic")))) -> Critic
A4: 3 | B4: =COUNTIF('Calculations OPUS'!$B:$B, A4) -> 22 | C4: =SUMIF('Calculations OPUS'!$B:$B, A4, 'Calculations OPUS'!$I:$I) -> 160.5542 | D4: =MAX(0,100-C4) -> 0 | E4: =IF(D4>=90,"Excellent",IF(D4>=75,"Good",IF(D4>=55,"Acceptable",IF(D4>=35,"Weak","Critic")))) -> Critic
A5: 4 | B5: =COUNTIF('Calculations OPUS'!$B:$B, A5) -> 11 | C5: =SUMIF('Calculations OPUS'!$B:$B, A5, 'Calculations OPUS'!$I:$I) -> 48.748347 | D5: =MAX(0,100-C5) -> 51.251653 | E5: =IF(D5>=90,"Excellent",IF(D5>=75,"Good",IF(D5>=55,"Acceptable",IF(D5>=35,"Weak","Critic")))) -> Weak
A6: 5 | B6: =COUNTIF('Calculations OPUS'!$B:$B, A6) -> 8 | C6: =SUMIF('Calculations OPUS'!$B:$B, A6, 'Calculations OPUS'!$I:$I) -> 75.85 | D6: =MAX(0,100-C6) -> 24.15 | E6: =IF(D6>=90,"Excellent",IF(D6>=75,"Good",IF(D6>=55,"Acceptable",IF(D6>=35,"Weak","Critic")))) -> Critic
A7: 6 | B7: =COUNTIF('Calculations OPUS'!$B:$B, A7) -> 17 | C7: =SUMIF('Calculations OPUS'!$B:$B, A7, 'Calculations OPUS'!$I:$I) -> 65.154815 | D7: =MAX(0,100-C7) -> 34.845185 | E7: =IF(D7>=90,"Excellent",IF(D7>=75,"Good",IF(D7>=55,"Acceptable",IF(D7>=35,"Weak","Critic")))) -> Critic
A8: 7 | B8: =COUNTIF('Calculations OPUS'!$B:$B, A8) -> 4 | C8: =SUMIF('Calculations OPUS'!$B:$B, A8, 'Calculations OPUS'!$I:$I) -> 17.16 | D8: =MAX(0,100-C8) -> 82.84 | E8: =IF(D8>=90,"Excellent",IF(D8>=75,"Good",IF(D8>=55,"Acceptable",IF(D8>=35,"Weak","Critic")))) -> Good
A9: 8 | B9: =COUNTIF('Calculations OPUS'!$B:$B, A9) -> 18 | C9: =SUMIF('Calculations OPUS'!$B:$B, A9, 'Calculations OPUS'!$I:$I) -> 106.98409 | D9: =MAX(0,100-C9) -> 0 | E9: =IF(D9>=90,"Excellent",IF(D9>=75,"Good",IF(D9>=55,"Acceptable",IF(D9>=35,"Weak","Critic")))) -> Critic
A10: 9 | B10: =COUNTIF('Calculations OPUS'!$B:$B, A10) -> 14 | C10: =SUMIF('Calculations OPUS'!$B:$B, A10, 'Calculations OPUS'!$I:$I) -> 56.802323 | D10: =MAX(0,100-C10) -> 43.197677 | E10: =IF(D10>=90,"Excellent",IF(D10>=75,"Good",IF(D10>=55,"Acceptable",IF(D10>=35,"Weak","Critic")))) -> Weak
A11: 10 | B11: =COUNTIF('Calculations OPUS'!$B:$B, A11) -> 9 | C11: =SUMIF('Calculations OPUS'!$B:$B, A11, 'Calculations OPUS'!$I:$I) -> 66.62 | D11: =MAX(0,100-C11) -> 33.38 | E11: =IF(D11>=90,"Excellent",IF(D11>=75,"Good",IF(D11>=55,"Acceptable",IF(D11>=35,"Weak","Critic")))) -> Critic
A12: 11 | B12: =COUNTIF('Calculations OPUS'!$B:$B, A12) -> 3 | C12: =SUMIF('Calculations OPUS'!$B:$B, A12, 'Calculations OPUS'!$I:$I) -> 33 | D12: =MAX(0,100-C12) -> 67 | E12: =IF(D12>=90,"Excellent",IF(D12>=75,"Good",IF(D12>=55,"Acceptable",IF(D12>=35,"Weak","Critic")))) -> Acceptable
A13: 12 | B13: =COUNTIF('Calculations OPUS'!$B:$B, A13) -> 6 | C13: =SUMIF('Calculations OPUS'!$B:$B, A13, 'Calculations OPUS'!$I:$I) -> 30.7 | D13: =MAX(0,100-C13) -> 69.3 | E13: =IF(D13>=90,"Excellent",IF(D13>=75,"Good",IF(D13>=55,"Acceptable",IF(D13>=35,"Weak","Critic")))) -> Acceptable
... A21: 20 | B21: =COUNTIF('Calculations OPUS'!$B:$B, A21) -> 6 | C21: =SUMIF('Calculations OPUS'!$B:$B, A21, 'Calculations OPUS'!$I:$I) -> 31.132 | D21: =MAX(0,100-C21) -> 68.868 | E21: =IF(D21>=90,"Excellent",IF(D21>=75,"Good",IF(D21>=55,"Acceptable",IF(D21>=35,"Weak","Critic")))) -> Acceptable
A22: MODEL SCORE | C22: =ROUND(AVERAGE(C2:C21),2) -> 68.88 | D22: =ROUND(AVERAGE(D2:D21),2) -> 35.99 | E22: =IF(D22>=90,"Excellent",IF(D22>=75,"Good",IF(D22>=55,"Acceptable",IF(D22>=35,"Weak","Critic")))) -> Weak

Sheet Data LLAMA
A1: model | B1: puzzle_id | C1: fen | D1: move | E1: original_claim | F1: hallucination_type | G1: fixed_claim | H1: potential_impact
A2: Llama 4 Maverick | B2: 1 | C2: 3rk2r/pp3p1p/1q2p1pb/3p4/3Q4/P1N1PB1P/1PP3P1/1R1R2K1 b k - 0 1 | D2: Be3 | E2: putting White's King in a potentially vulnerable position. | F2: reasoning | G2: white's issue is not so much the king, but rather the queen | H2: minor
A3: Llama 4 Maverick | B3: 1 | D3: Qxe3 | E3: White is forced to recapture to address the check. | F3: move_legality | G3: white is not forced | H3: medium
A4: Llama 4 Maverick | B4: 1 | D4: 2...Qxe3 | E4: Now, Black can play Qxe3+, again putting the White King in check and potentially exploiting the exposed position of the White King. | F4: reasoning | G4: white's problem & the entire point of the tactic was the queen capture | H4: major
A5: Llama 4 Maverick | B5: 4 | C5: r2nkb1r/3b1ppp/4pn2/1B2p3/8/4BN2/PPP2PPP/2KR3R w kq - 0 1 | D5: Nxd7 | E5: notice that Black's position is somewhat compromised due to the somewhat undeveloped state | F5: reasoning | G5: does not state any particular facts | H5: medium
A6: Llama 4 Maverick | B6: 4 | D6: Nxd7 | E6: White starts with a sacrifice to expose Black's King and gain a strategic advantage. | F6: reasoning | G6: the point of the sacrifice was not to get strategic advantage, but to use the pin & open d-file to win material | H6: medium
A7: Llama 4 Maverick | B7: 4 | D7: Rd1 | E7: White develops the Rook to a potentially powerful open file and puts pressure on Black's position, especially on the d-file. | F7: reasoning | G7: white puts the rook on the d-file to put pressure on the pinned knight placced on the d-file | H7: medium
A8: Llama 4 Maverick | B8: 4 | D8: Rd1 | E8: This move also helps in controlling the d-file, which can be crucial in exerting influence over Black's position. | F8: reasoning | G8: repeats itself & still fails to mention the pinned knight | H8: minor
A9: Llama 4 Maverick | B9: 4 | E9: Black attempts to develop the Rook and put it on a relatively safe square, | F9: reasoning | G9: a5 is a safe sqaure for the rook | H9: minor
A10: Llama 4 Maverick | B10: 4 | D10: Bxd7 | E10: The Bishop on d7 is a strong piece that pins the Knight against the King | F10: piece_placement | G10: it no longer pins the knight, it just captured it | H10: major
A11: Llama 4 Maverick | B11: 4 | D11: Bxd7 | E11: gaining a material advantage or a strong initiative. | F11: reasoning | G11: it does gain a material advantage, period. it's trying to not make any clear claims in order to avoid making mistakes | H11: major
A12: Llama 4 Maverick | B12: 5 | C12: 8/1p6/4N1pk/5n2/P7/1P3R2/2r4P/7K b - - 0 1 | D12: Rc1 | E12: The first move in the sequence starts with a check, forcing White's king to move. | F12: move_legality | G12: moving the king is not the only legal move | H12: medium
A13: Llama 4 Maverick | B13: 5 | D13: Kg2 | E13: White's king moves to g2, likely to escape the check | F13: reasoning | G13: it is clear it moves to escape te check | H13: medium
A14: Llama 4 Maverick | B14: 5 | D14: Nh4+ | E14: This is a classic example of using a knight fork or simply checking to gain a tempo or create a weakness. | F14: reasoning | G14: it is a simple knight fork and is used to gain material, not a "tempo" | H14: major
A15: Llama 4 Maverick | B15: 5 | D15: Kg3 | E15: The king moves again, trying to avoid the check and possibly prepare for other defensive or counter-attacking measures. | F15: reasoning | G15: king moves because it is forced to | H15: major
A16: Llama 4 Maverick | B16: 5 | D16: Nxf3 | E16: not only captures material but also illustrates the concept of removing the defender | F16: reasoning | G16: it only wins material, nothing else | H16: major
A17: Llama 4 Maverick | B17: 5 | D17: Nxf3 | E17: a crucial piece that was potentially holding Black's position together | F17: reasoning | G17: the rook was white's, it cannot logicaly hold black's position together | H17: major
A18: Llama 4 Maverick | B18: 5 | D18: Kxf3 | E18: likely due to being the most straightforward recapture | F18: move_legality | G18: it is the ONLY possible recapture | H18: major
A19: Llama 4 Maverick | B19: 5 | D19: Kxf3 | E19: the alternative captures or moves might not have been more appealing. | F19: move_legality | G19: it is the ONLY possible recapture | H19: major
A20: Llama 4 Maverick | B20: 5 | D20: Kxf3 | E20: White recaptures with the king, likely due to being the most straightforward recapture | F20: reasoning | G20: it recaptures to try to reduce black's material advantage | H20: major
A21: Llama 4 Maverick | B21: 6 | C21: r2r2k1/pb1nbppp/1p2p3/4P3/7q/PBN1B3/1P2QPPP/2RR2K1 w - - 0 1 | D21: Rd4 | E21: notices that Black's Queen is somewhat exposed and can potentially be deflected | F21: reasoning | G21: deflection is not present | H21: major
A22: Llama 4 Maverick | B22: 6 | D22: Qxd4 | E22: Black is forced to capture the Rook | F22: move_legality | G22: not forced, black has other legal moves | H22: medium
A23: Llama 4 Maverick | B23: 6 | D23: Qxd4 | E23: as it is a relatively safe capture | F23: reasoning | G23: not a safe capture at all - loses the queen | H23: major
A24: Llama 4 Maverick | B24: 6 | D24: Qxd4 | E24: not doing so might allow White to further intensify the pressure | F24: reasoning | G24: not doing so will still lose the queen, he has no option of not losing the queen | H24: major
A25: Llama 4 Maverick | B25: 6 | D25: Bxd4 | E25: The Bishop on d4 is well-placed, potentially exerting influence over the diagonal | F25: reasoning | G25: bishop position is not relevant whatsoever | H25: minor
A26: Llama 4 Maverick | B26: 6 | D26: Bxd4 | E26: This sequence demonstrates a basic tactical procedure where a piece is sacrificed (in this case, the Rook) | F26: reasoning | G26: rook was not sacrificed, it was protected by the bishop | H26: major
A27: Llama 4 Maverick | B27: 6 | D27: Bxd4 | E27: The key pattern recognition here involves identifying the potential for a deflection sacrifice | F27: reasoning | G27: completely misses the puzzle theme: trapping the queen | H27: major
A28: Llama 4 Maverick | B28: 7 | C28: 5rk1/3r1p1p/pq4p1/2R1Q3/1p2P2P/3P4/PP1K2P1/5R2 b - - 0 1 | D28: f6 | E28: The first move is a quiet one | F28: reasoning | G28: it is not quiet, it attacks the queen | H28: major
A29: Llama 4 Maverick | B29: 7 | D29: f6 | E29: The move f6 prepares to potentially exploit this | F29: reasoning | G29: it does not "prepare" to exploit it, it litteraly does exploit it | H29: medium
A30: Llama 4 Maverick | B30: 7 | D30: f6 | E30: The move f6 prepares to potentially exploit this by removing a potential weakness | F30: reasoning | G30: what weakness is it removing?? | H30: major
A31: Llama 4 Maverick | B31: 7 | D31: f6 | E31: The move f6 prepares to potentially exploit this by slightly improving Black's position. | F31: reasoning | G31: it wins material, so it improves the position decisively | H31: medium
A32: Llama 4 Maverick | B32: 7 | D32: Qf4 | E32: White responds by moving their Queen to a more active square | F32: reasoning | G32: f4 is not a more active square | H32: minor
A33: Llama 4 Maverick | B33: 7 | D33: Qf4 | E33: potentially preparing to exert more influence over the board | F33: reasoning | G33: the queen move was forced by the attack, it does not prepare for anything | H33: minor
A34: Llama 4 Maverick | B34: 7 | D34: Qf4 | E34: However, this move also maintains the Queen's role in defending the c5-Rook. | F34: piece_relations | G34: queen on f4 does not defend the rook | H34: major
A35: Llama 4 Maverick | B35: 7 | D35: Qxc5 | E35: White's Queen, now on f4, is not in a position to immediately recapture due to the pin that would be created against their King. | F35: piece_relations | G35: there is no pin.; the queen cannot recapture because it is not a legal move | H35: major
A36: Llama 4 Maverick | B36: 7 | D36: Qxc5 | E36: This move demonstrates a basic tactical theme: removing a defender or taking advantage of a piece's limited mobility. | F36: reasoning | G36: removing the defender is correct, put limited mobility not | H36: medium
A37: Llama 4 Maverick | B37: 8 | C37: 5r2/1rp2pkp/3qbp2/8/1b6/1Q2N1P1/PP2PP1P/2RR2K1 w - - 0 1 | D37: Rd6 | E37: This move exploits the fact that Black's Queen is not well-supported and is on the same diagonal as the White Rook on d1. | F37: geometry | G37: same file | H37: major
A38: Llama 4 Maverick | B38: 8 | D38: Rd6 | E38: we are winning the Black Queen, as it's pinned against the King | F38: piece_relations | G38: there is no pin | H38: major
A39: Llama 4 Maverick | B39: 8 | D39: Rd6 | E39: after Nf5+, Black's Bishop on f5 will be blocking the f-file | F39: reasoning | G39: it is not blocking the f-file, and it is completely irrelevant too | H39: major
A40: Llama 4 Maverick | B40: 8 | D40: Rd6 | E40: the e6-Bishop is somewhat restricting the d6-square | F40: piece_placement | G40: he just said the bishop is on f5 after recapturing, so it cannot be on e6 too | H40: major
A41: Llama 4 Maverick | B41: 8 | D41: Rd6 | E41: the e6-Bishop is somewhat restricting the d6-square | F41: piece_relations | G41: bishop has nothing to do with the d6 sqaure | H41: major
A42: Llama 4 Maverick | B42: 8 | D42: Rd6 | E42: ultimately, it's the alignment of the Black Queen with our Rook that we capitalized on. | F42: reasoning | G42: that is true, but it completely misses to explain why the queen capture was not working to begin with & why Nf5 was needed | H42: medium
A43: Llama 4 Maverick | B43: 9 | C43: r3rb1k/2qn2pp/2p2p2/ppn1p2b/4P3/1PB1NPPB/P1P3QP/3RNR1K w - - 0 1 | D43: Qh3 | E43: The Queen moves to h3, putting pressure on the h5 pawn | F43: piece_placement | G43: there is a bishop on h5 | H43: major
A44: Llama 4 Maverick | B44: 9 | D44: Qh3 | E44: setting up potential tactics on the kingside | F44: reasoning | G44: queen is simply doing a double attack | H44: medium
A45: Llama 4 Maverick | B45: 9 | D45: Qh3 | E45: This is a typical maneuver to exploit weaknesses on the opponent's position. | F45: reasoning | G45: very vague, what are we exploiting??? | H45: minor
A46: Llama 4 Maverick | B46: 9 | D46: Rd8 | E46: Black develops the Rook to d8, potentially supporting the d7 Knight and putting the Rook on an open file. | F46: reasoning | G46: "potentially" ; the rook is in fact protecting the knight on d7 which waas being attacked - it fails to make actual statementes | H46: minor
A47: Llama 4 Maverick | B47: 9 | D47: Qxh5 | E47: The final move in the solution involves capturing the pawn on h5 | F47: piece_placement | G47: bishop on h5!!! | H47: major
A48: Llama 4 Maverick | B48: 9 | D48: Qxh5 | E48: This move demonstrates the importance of identifying and targeting opponent's pawn weaknesses. | F48: reasoning | G48: no pawn weaknesses, misses puzzle theme | H48: major
A49: Llama 4 Maverick | B49: 10 | C49: r2r2k1/5pp1/pp6/2b1R3/3N4/2P2P1P/1PR3P1/6K1 b - - 0 1 | D49: Rd4 | E49: the d4-knight is not just any piece, it's a fork setter potentially | F49: reasoning | G49: ??? the d4 square might be a "fork setter" where the bishop can target king & e5 rook, but to refer to the knight is wrong + weird term | H49: major
A50: Llama 4 Maverick | B50: 10 | D50: Rd4 | E50: more importantly, it's undefended | F50: piece_relations | G50: it is defended by c3 pawn | H50: major
A51: Llama 4 Maverick | B51: 10 | D51: Rd4 | E51: The first step is identifying undefended or underdefended pieces | F51: piece_relations | G51: it is defended by c3 pawn | H51: major
A52: Llama 4 Maverick | B52: 10 | D52: cxd4 | E52: White is forced to capture, as retreating the knight would lose material | F52: piece_placement | G52: the knight was just captured, you cannot retreat it | H52: major
A53: Llama 4 Maverick | B53: 10 | D53: Bxd4 | E53: The bishop on c5 was eyeing the d4 square and the f2 pawn indirectly. | F53: piece_placement | G53: no pawn on f2 | H53: major
A54: Llama 4 Maverick | B54: 10 | D54: Bxd4 | E54: By capturing on d4 and checking the king, Black wins material. | F54: reasoning | G54: true, but fails to mention the double attack | H54: minor
A55: Llama 4 Maverick | B55: 12 | C55: r2r4/1pQ1q1k1/1n3pp1/pN6/b2pP3/3P1RPp/1P2B2P/5RK1 b - - 0 1 | D55: Rd7 | E55: Rd7 is a good choice as it puts pressure on the White Queen and prepares to potentially use the d-file. | F55: reasoning | G55: attacks white queen, but does not prepare to use the d-file | H55: medium
A56: Llama 4 Maverick | B56: 12 | D56: Rd7 | E56: Additionally, it clears the d8 square for other potential uses. | F56: reasoning | G56: completely irrelevant | H56: medium
A57: Llama 4 Maverick | B57: 12 | D57: Qxb6 | E57: White captures a pawn, | F57: piece_placement | G57: captures knight | H57: major
A58: Llama 4 Maverick | B58: 12 | D58: Qxb6 | E58: this move also illustrates a common tactical pattern where a piece becomes overcommitted | F58: reasoning | G58: the queen will get trapped | H58: major
A59: Llama 4 Maverick | B59: 12 | D59: Ra6 | E59: Recognizing that White's Queen is now on b6 and is somewhat committed | F59: reasoning | G59: makes 0 sense, queen is trapped | H59: major
A60: Llama 4 Maverick | B60: 12 | D60: Ra6 | E60: Black seizes the opportunity to attack it and gain a tempo | F60: reasoning | G60: completely misses the puzzle theme: trapping the queen | H60: major
A61: Llama 4 Maverick | B61: 12 | D61: Ra6 | E61: not only attacks the Queen but also gets the Rook into a relatively safe and active position. | F61: reasoning | G61: completely irrelevant | H61: medium
A62: Llama 4 Maverick | B62: 12 | D62: Qxa6 | E62: White has to capture the Rook or move the Queen, but moving it would likely lose material or put it in an even worse position. | F62: reasoning | G62: misses to see exactly what happens if white moves the queen | H62: major
A63: Llama 4 Maverick | B63: 12 | D63: Qxa6 | E63: So, capturing is the most straightforward choice | F63: reasoning | G63: misses to see exactly what happens if white moves the queen | H63: major
A64: Llama 4 Maverick | B64: 12 | D64: Qxa6 | E64: leads to a material imbalance. | F64: material | G64: lead to material loss, imbalance is not the correct term here | H64: minor
A65: Llama 4 Maverick | B65: 13 | C65: 1r3k2/3r1p2/3N2pb/3PQ3/P3P2p/1PR4P/3q2PK/8 w - - 0 1 | D65: Rc8 | E65: It starts a combination that will eventually lead to checkmate | F65: reasoning | G65: correct, but why?? what does the sacrifice achieve?? | H65: minor
A66: Llama 4 Maverick | B66: 13 | D66: Rc8 | E66: The rook sacrifice is typical in positions where the opponent's king is exposed and there are other pieces that can potentially deliver the checkmate. | F66: reasoning | G66: weird and inaccurate explanation | H66: minor
A67: Llama 4 Maverick | B67: 13 | D67: Qh8 | E67: The queen's move is enabled by the previous rook sacrifice. | F67: reasoning | G67: queen move was possible before too | H67: major
A68: Llama 4 Maverick | B68: 14 | C68: r4k1r/1ppq1ppp/1p2P3/n3PbQ1/1bP5/2N2N1P/PP4P1/2KR1B1R b - - 0 1 | D68: Nb3 | E68: Black's Knight can jump to b3 with check, putting White's King in a vulnerable position. | F68: reasoning | G68: correct, but fails to mention that Nb3 is a sacrifice, what is its purpose?? | H68: minor
A69: Llama 4 Maverick | B69: 14 | D69: Ra1 | E69: This move is a discovery, as it clears the way for the next move | F69: reasoning | G69: false, the knight sacrifice had the purpose of clearing the a-file, not the rook move | H69: major
A70: Llama 4 Maverick | B70: 16 | C70: 4r1k1/p4Rbp/1p1q2r1/2pN4/2P3n1/3nP1P1/PB4Q1/3N1RK1 w - - 0 1 | D70: Ne7 | E70: aiming to expose it further or gain a strategic advantage | F70: reasoning | G70: which is it?? | H70: medium
A71: Llama 4 Maverick | B71: 16 | D71: Ne7 | E71: Ne7+ is a check that forces Black to move their rook. | F71: move_legality | G71: he could easily move the king too | H71: major
A72: Llama 4 Maverick | B72: 16 | D72: Ne7 | E72: Ne7+ is a check that forces Black to move their rook. | F72: reasoning | G72: also, it is more relevant that the rook is attracted away from the 8th rank | H72: medium
A73: Llama 4 Maverick | B73: 16 | D73: Qa8 | E73: aims to continue the pressure on Black's position, particularly on their king and the pinned pieces | F73: piece_relations | G73: no pins | H73: major
A74: Llama 4 Maverick | B74: 16 | D74: Qa8 | E74: Qa8+ is a check that forces the Black rook to move | F74: move_legality | G74: does not force the rook to move | H74: medium
A75: Llama 4 Maverick | B75: 16 | D75: Qa8 | E75: forces the Black rook to move to a potentially vulnerable square or block the check. | F75: reasoning | G75: again makes no sense and fails to make a clear & confident claim | H75: major
A76: Llama 4 Maverick | B76: 16 | D76: Qe8 | E76: Now, with the Black rook on e8, White can deliver a decisive checkmate or gain a material advantage | F76: piece_placement | G76: the queen just captured the rook | H76: major
A77: Llama 4 Maverick | B77: 16 | D77: Qe8 | E77: Now, with the Black rook on e8, White can deliver a decisive checkmate or gain a material advantage | F77: reasoning | G77: it is a clear forced checkmate, not "or" needed | H77: major
A78: Llama 4 Maverick | B78: 16 | D78: Qe8 | E78: Qxe8 Rxe8# The final move results in checkmate, ending the game in White's favor | F78: reasoning | G78: fails to see the checkmate variation and hallucinates moves | H78: major
A79: Llama 4 Maverick | B79: 17 | C79: 3r4/8/p1n4p/1p2p1p1/5k2/P2rpP2/1P2R1PP/4BRK1 w - - 0 1 | D79: g4 | E79: The first move is a check | F79: piece_relations | G79: no check | H79: major
A80: Llama 4 Maverick | B80: 17 | D80: g4 | E80: limits Black's options and forces a response | F80: move_legality | G80: forces no response, black could move whatever he wants since g4 is a quiet move | H80: major
A81: Llama 4 Maverick | B81: 17 | D81: g4 | E81: It also starts a mating attack. | F81: reasoning | G81: yes, but fails to mention that is takes away a vital escape square | H81: minor
A82: Llama 4 Maverick | B82: 17 | D82: Rd1 | E82: Black is forced to move the Rook | F82: move_legality | G82: does not force the rook to move | H82: major
A83: Llama 4 Maverick | B83: 17 | D83: Rd1 | E83: this move blocks the d-file defense for the King | F83: piece_relations | G83: this move has nothing to do with the king, but the checkmate was unavoidable | H83: major
A84: Llama 4 Maverick | B84: 17 | D84: Bg3 | E84: delivers the checkmate by utilizing the g-file opened by the g4 pawn push | F84: geometry | G84: checkmate has nothing to do with the g-file, bishop attacks on diagonal | H84: major
A85: Llama 4 Maverick | B85: 17 | D85: Bg3 | E85: the g-file opened by the g4 pawn push | F85: geometry | G85: a file is not open if it has a pawn on it,contradicion | H85: major
A86: Llama 4 Maverick | B86: 17 | D86: Bg3 | E86: a typical pattern in mating attacks where a pawn creates a path for a piece to attack the opponent's King. | F86: reasoning | G86: completely misses the puzzle theme: forced checkmate by taking away escape sqaure | H86: major
A87: Llama 4 Maverick | B87: 18 | C87: 8/8/5p2/5k1p/2rBR2p/P4KbP/6P1/8 b - - 0 1 | D87: Ra4 | E87: The first move is Ra4, attacking the bishop on d4. | F87: reasoning | G87: from c4 it was already attacking the bishop | H87: minor
A88: Llama 4 Maverick | B88: 18 | D88: Ra4 | E88: By playing Ra4, Black is directly attacking a piece and potentially gaining a material advantage. | F88: reasoning | G88: not the point, the move is putting white in zugzvang | H88: major
A89: Llama 4 Maverick | B89: 18 | D89: 1...Rd4 2.Kd4 | E89: However, after 2. Kxd4, Black would be down a rook for a bishop, which is not the best exchange | F89: move_legality | G89: suggested variation, illegal move | H89: major
A90: Llama 4 Maverick | B90: 18 | D90: Re3 | E90: White moves the rook to e3, likely trying to defend or develop. | F90: reasoning | G90: fails to see that white has no other moves that do not lose material | H90: major
A91: Llama 4 Maverick | B91: 2 | C91: r2k3r/pp1b1p2/4p1pn/q2pP3/1b5p/1PNB1Q1P/PBP2P2/2KR2R1 w - - 0 20 | D91: Nd5 | E91: To evaluate this, we need to consider the potential benefits of opening up the position and exposing Black's king. | F91: reasoning | G91: the point of the sacrifice was not to expose blacks king, but to open up the bishop on b2 & plan for e5 | H91: medium
A92: Llama 4 Maverick | B92: 2 | D92: e6 | E92: This pawn push is the key to the combination, aiming to open up the e-file | F92: geometry | G92: pawn push opens up a1-h8 diagonal, not the e-file. since the pawn is on e6 it is a contradiction to say the e-file is open | H92: major
A93: Llama 4 Maverick | B93: 2 | D93: e6 | E93: aiming to create threats against Black's position, particularly the rook on e8 | F93: piece_placement | G93: rook is on h8, not on e8 | H93: major
A94: Llama 4 Maverick | B94: 2 | D94: e6 | E94: aiming to create threats against Black's position, particularly the rook on e8 and potentially the king. | F94: reasoning | G94: misses the point: a discovered attack of the h8 rook & direct attack of the d7 bishop | H94: major
A95: Llama 4 Maverick | B95: 2 | D95: exd7 | E95: exposes Black's king further by forcing it to recapture. | F95: move_legality | G95: black king is not forced to capture | H95: medium
A96: Llama 4 Maverick | B96: 3 | C96: 5k2/2nr1pp1/pb5p/1p2PP2/4N1R1/P3P2P/1B2K1P1/8 w - - 0 1 | D96: Rg7 | E96: aiming to expose the black king or gain a strategic advantage. | F96: reasoning | G96: again does not make a clear claim regarding the given position | H96: medium
A97: Llama 4 Maverick | B97: 3 | D97: Kg7 | E97: Black is forced to capture the rook to avoid losing more material or being mated. | F97: reasoning | G97: there was no checkmate threat in question + again it is not specific | H97: major
A98: Llama 4 Maverick | B98: 3 | D98: e6 | E98: This move is a check that forks the king and potentially other pieces or gains a strong initiative. | F98: reasoning | G98: does not fork anything, it is a discovered check which attacks the rook too + again it is not specific | H98: major
A99: Llama 4 Maverick | B99: 3 | D99: e6 | E99: The pawn on e5 moves to e6, putting pressure on Black's position and preparing to potentially capture important pieces or control key squares. | F99: reasoning | G99: what exactly is he attacking ?? | H99: medium
A100: Llama 4 Maverick | B100: 3 | D100: exd7 | E100: Black's position is now likely to be lost or significantly weakened | F100: reasoning | G100: does not give clear position evaluation | H100: major
...

Sheet Calculations LLAMA
A1: Row Idx | B1: Puzzle ID | C1: Hallucination Type | D1: Impact (cleaned) | E1: W_c (weight) | F1: M_s (×severity) | G1: k (rank in group) | H1: δ^(k-1) (decay) | I1: P (penalty)
A2: 1 | B2: ='Data LLAMA'!B2 -> 1 | C2: ='Data LLAMA'!F2 -> reasoning | D2: =LOWER(TRIM('Data LLAMA'!H2)) -> minor | E2: =IF(ISNUMBER(SEARCH("move_legality",C2)),Parameters!$B$4,IF(ISNUMBER(SEARCH("piece_placement",C2)),Parameters!$B$5,IF(ISNUMBER(SEARCH("material",C2)),Parameters!$B$6,IF(ISNUMBER(SEARCH("piece_relations",C2)),Parameters!$B$7,IF(ISNUMBER(SEARCH("geometry",C2)),Parameters!$B$8,IF(ISNUMBER(SEARCH("reasoning",C2)),Parameters!$B$9,Parameters!$B$10)))))) -> 2 | F2: =IF(D2="major",Parameters!$B$14,IF(D2="medium",Parameters!$B$15,Parameters!$B$16)) -> 1 | G2: =COUNTIFS($B$2:$B$132,B2,$C$2:$C$132,C2,$F$2:$F$132,">"&F2)+COUNTIFS($B$2:$B$132,B2,$C$2:$C$132,C2,$F$2:$F$132,F2,$A$2:$A$132,"<="&A2) -> 2 | H2: =Parameters!$B$20^(G2-1) -> 0.7 | I2: =E2*F2*H2 -> 1.4
A3: 2 | B3: ='Data LLAMA'!B3 -> 1 | C3: ='Data LLAMA'!F3 -> move_legality | D3: =LOWER(TRIM('Data LLAMA'!H3)) -> medium | E3: =IF(ISNUMBER(SEARCH("move_legality",C3)),Parameters!$B$4,IF(ISNUMBER(SEARCH("piece_placement",C3)),Parameters!$B$5,IF(ISNUMBER(SEARCH("material",C3)),Parameters!$B$6,IF(ISNUMBER(SEARCH("piece_relations",C3)),Parameters!$B$7,IF(ISNUMBER(SEARCH("geometry",C3)),Parameters!$B$8,IF(ISNUMBER(SEARCH("reasoning",C3)),Parameters!$B$9,Parameters!$B$10)))))) -> 8 | F3: =IF(D3="major",Parameters!$B$14,IF(D3="medium",Parameters!$B$15,Parameters!$B$16)) -> 2 | G3: =COUNTIFS($B$2:$B$132,B3,$C$2:$C$132,C3,$F$2:$F$132,">"&F3)+COUNTIFS($B$2:$B$132,B3,$C$2:$C$132,C3,$F$2:$F$132,F3,$A$2:$A$132,"<="&A3) -> 1 | H3: =Parameters!$B$20^(G3-1) -> 1 | I3: =E3*F3*H3 -> 16
A4: 3 | B4: ='Data LLAMA'!B4 -> 1 | C4: ='Data LLAMA'!F4 -> reasoning | D4: =LOWER(TRIM('Data LLAMA'!H4)) -> major | E4: =IF(ISNUMBER(SEARCH("move_legality",C4)),Parameters!$B$4,IF(ISNUMBER(SEARCH("piece_placement",C4)),Parameters!$B$5,IF(ISNUMBER(SEARCH("material",C4)),Parameters!$B$6,IF(ISNUMBER(SEARCH("piece_relations",C4)),Parameters!$B$7,IF(ISNUMBER(SEARCH("geometry",C4)),Parameters!$B$8,IF(ISNUMBER(SEARCH("reasoning",C4)),Parameters!$B$9,Parameters!$B$10)))))) -> 2 | F4: =IF(D4="major",Parameters!$B$14,IF(D4="medium",Parameters!$B$15,Parameters!$B$16)) -> 3 | G4: =COUNTIFS($B$2:$B$132,B4,$C$2:$C$132,C4,$F$2:$F$132,">"&F4)+COUNTIFS($B$2:$B$132,B4,$C$2:$C$132,C4,$F$2:$F$132,F4,$A$2:$A$132,"<="&A4) -> 1 | H4: =Parameters!$B$20^(G4-1) -> 1 | I4: =E4*F4*H4 -> 6
A5: 4 | B5: ='Data LLAMA'!B5 -> 4 | C5: ='Data LLAMA'!F5 -> reasoning | D5: =LOWER(TRIM('Data LLAMA'!H5)) -> medium | E5: =IF(ISNUMBER(SEARCH("move_legality",C5)),Parameters!$B$4,IF(ISNUMBER(SEARCH("piece_placement",C5)),Parameters!$B$5,IF(ISNUMBER(SEARCH("material",C5)),Parameters!$B$6,IF(ISNUMBER(SEARCH("piece_relations",C5)),Parameters!$B$7,IF(ISNUMBER(SEARCH("geometry",C5)),Parameters!$B$8,IF(ISNUMBER(SEARCH("reasoning",C5)),Parameters!$B$9,Parameters!$B$10)))))) -> 2 | F5: =IF(D5="major",Parameters!$B$14,IF(D5="medium",Parameters!$B$15,Parameters!$B$16)) -> 2 | G5: =COUNTIFS($B$2:$B$132,B5,$C$2:$C$132,C5,$F$2:$F$132,">"&F5)+COUNTIFS($B$2:$B$132,B5,$C$2:$C$132,C5,$F$2:$F$132,F5,$A$2:$A$132,"<="&A5) -> 2 | H5: =Parameters!$B$20^(G5-1) -> 0.7 | I5: =E5*F5*H5 -> 2.8
A6: 5 | B6: ='Data LLAMA'!B6 -> 4 | C6: ='Data LLAMA'!F6 -> reasoning | D6: =LOWER(TRIM('Data LLAMA'!H6)) -> medium | E6: =IF(ISNUMBER(SEARCH("move_legality",C6)),Parameters!$B$4,IF(ISNUMBER(SEARCH("piece_placement",C6)),Parameters!$B$5,IF(ISNUMBER(SEARCH("material",C6)),Parameters!$B$6,IF(ISNUMBER(SEARCH("piece_relations",C6)),Parameters!$B$7,IF(ISNUMBER(SEARCH("geometry",C6)),Parameters!$B$8,IF(ISNUMBER(SEARCH("reasoning",C6)),Parameters!$B$9,Parameters!$B$10)))))) -> 2 | F6: =IF(D6="major",Parameters!$B$14,IF(D6="medium",Parameters!$B$15,Parameters!$B$16)) -> 2 | G6: =COUNTIFS($B$2:$B$132,B6,$C$2:$C$132,C6,$F$2:$F$132,">"&F6)+COUNTIFS($B$2:$B$132,B6,$C$2:$C$132,C6,$F$2:$F$132,F6,$A$2:$A$132,"<="&A6) -> 3 | H6: =Parameters!$B$20^(G6-1) -> 0.49 | I6: =E6*F6*H6 -> 1.96
A7: 6 | B7: ='Data LLAMA'!B7 -> 4 | C7: ='Data LLAMA'!F7 -> reasoning | D7: =LOWER(TRIM('Data LLAMA'!H7)) -> medium | E7: =IF(ISNUMBER(SEARCH("move_legality",C7)),Parameters!$B$4,IF(ISNUMBER(SEARCH("piece_placement",C7)),Parameters!$B$5,IF(ISNUMBER(SEARCH("material",C7)),Parameters!$B$6,IF(ISNUMBER(SEARCH("piece_relations",C7)),Parameters!$B$7,IF(ISNUMBER(SEARCH("geometry",C7)),Parameters!$B$8,IF(ISNUMBER(SEARCH("reasoning",C7)),Parameters!$B$9,Parameters!$B$10)))))) -> 2 | F7: =IF(D7="major",Parameters!$B$14,IF(D7="medium",Parameters!$B$15,Parameters!$B$16)) -> 2 | G7: =COUNTIFS($B$2:$B$132,B7,$C$2:$C$132,C7,$F$2:$F$132,">"&F7)+COUNTIFS($B$2:$B$132,B7,$C$2:$C$132,C7,$F$2:$F$132,F7,$A$2:$A$132,"<="&A7) -> 4 | H7: =Parameters!$B$20^(G7-1) -> 0.343 | I7: =E7*F7*H7 -> 1.372
A8: 7 | B8: ='Data LLAMA'!B8 -> 4 | C8: ='Data LLAMA'!F8 -> reasoning | D8: =LOWER(TRIM('Data LLAMA'!H8)) -> minor | E8: =IF(ISNUMBER(SEARCH("move_legality",C8)),Parameters!$B$4,IF(ISNUMBER(SEARCH("piece_placement",C8)),Parameters!$B$5,IF(ISNUMBER(SEARCH("material",C8)),Parameters!$B$6,IF(ISNUMBER(SEARCH("piece_relations",C8)),Parameters!$B$7,IF(ISNUMBER(SEARCH("geometry",C8)),Parameters!$B$8,IF(ISNUMBER(SEARCH("reasoning",C8)),Parameters!$B$9,Parameters!$B$10)))))) -> 2 | F8: =IF(D8="major",Parameters!$B$14,IF(D8="medium",Parameters!$B$15,Parameters!$B$16)) -> 1 | G8: =COUNTIFS($B$2:$B$132,B8,$C$2:$C$132,C8,$F$2:$F$132,">"&F8)+COUNTIFS($B$2:$B$132,B8,$C$2:$C$132,C8,$F$2:$F$132,F8,$A$2:$A$132,"<="&A8) -> 5 | H8: =Parameters!$B$20^(G8-1) -> 0.2401 | I8: =E8*F8*H8 -> 0.4802
A9: 8 | B9: ='Data LLAMA'!B9 -> 4 | C9: ='Data LLAMA'!F9 -> reasoning | D9: =LOWER(TRIM('Data LLAMA'!H9)) -> minor | E9: =IF(ISNUMBER(SEARCH("move_legality",C9)),Parameters!$B$4,IF(ISNUMBER(SEARCH("piece_placement",C9)),Parameters!$B$5,IF(ISNUMBER(SEARCH("material",C9)),Parameters!$B$6,IF(ISNUMBER(SEARCH("piece_relations",C9)),Parameters!$B$7,IF(ISNUMBER(SEARCH("geometry",C9)),Parameters!$B$8,IF(ISNUMBER(SEARCH("reasoning",C9)),Parameters!$B$9,Parameters!$B$10)))))) -> 2 | F9: =IF(D9="major",Parameters!$B$14,IF(D9="medium",Parameters!$B$15,Parameters!$B$16)) -> 1 | G9: =COUNTIFS($B$2:$B$132,B9,$C$2:$C$132,C9,$F$2:$F$132,">"&F9)+COUNTIFS($B$2:$B$132,B9,$C$2:$C$132,C9,$F$2:$F$132,F9,$A$2:$A$132,"<="&A9) -> 6 | H9: =Parameters!$B$20^(G9-1) -> 0.16807 | I9: =E9*F9*H9 -> 0.33614
A10: 9 | B10: ='Data LLAMA'!B10 -> 4 | C10: ='Data LLAMA'!F10 -> piece_placement | D10: =LOWER(TRIM('Data LLAMA'!H10)) -> major | E10: =IF(ISNUMBER(SEARCH("move_legality",C10)),Parameters!$B$4,IF(ISNUMBER(SEARCH("piece_placement",C10)),Parameters!$B$5,IF(ISNUMBER(SEARCH("material",C10)),Parameters!$B$6,IF(ISNUMBER(SEARCH("piece_relations",C10)),Parameters!$B$7,IF(ISNUMBER(SEARCH("geometry",C10)),Parameters!$B$8,IF(ISNUMBER(SEARCH("reasoning",C10)),Parameters!$B$9,Parameters!$B$10)))))) -> 6 | F10: =IF(D10="major",Parameters!$B$14,IF(D10="medium",Parameters!$B$15,Parameters!$B$16)) -> 3 | G10: =COUNTIFS($B$2:$B$132,B10,$C$2:$C$132,C10,$F$2:$F$132,">"&F10)+COUNTIFS($B$2:$B$132,B10,$C$2:$C$132,C10,$F$2:$F$132,F10,$A$2:$A$132,"<="&A10) -> 1 | H10: =Parameters!$B$20^(G10-1) -> 1 | I10: =E10*F10*H10 -> 18
A11: 10 | B11: ='Data LLAMA'!B11 -> 4 | C11: ='Data LLAMA'!F11 -> reasoning | D11: =LOWER(TRIM('Data LLAMA'!H11)) -> major | E11: =IF(ISNUMBER(SEARCH("move_legality",C11)),Parameters!$B$4,IF(ISNUMBER(SEARCH("piece_placement",C11)),Parameters!$B$5,IF(ISNUMBER(SEARCH("material",C11)),Parameters!$B$6,IF(ISNUMBER(SEARCH("piece_relations",C11)),Parameters!$B$7,IF(ISNUMBER(SEARCH("geometry",C11)),Parameters!$B$8,IF(ISNUMBER(SEARCH("reasoning",C11)),Parameters!$B$9,Parameters!$B$10)))))) -> 2 | F11: =IF(D11="major",Parameters!$B$14,IF(D11="medium",Parameters!$B$15,Parameters!$B$16)) -> 3 | G11: =COUNTIFS($B$2:$B$132,B11,$C$2:$C$132,C11,$F$2:$F$132,">"&F11)+COUNTIFS($B$2:$B$132,B11,$C$2:$C$132,C11,$F$2:$F$132,F11,$A$2:$A$132,"<="&A11) -> 1 | H11: =Parameters!$B$20^(G11-1) -> 1 | I11: =E11*F11*H11 -> 6
A12: 11 | B12: ='Data LLAMA'!B12 -> 5 | C12: ='Data LLAMA'!F12 -> move_legality | D12: =LOWER(TRIM('Data LLAMA'!H12)) -> medium | E12: =IF(ISNUMBER(SEARCH("move_legality",C12)),Parameters!$B$4,IF(ISNUMBER(SEARCH("piece_placement",C12)),Parameters!$B$5,IF(ISNUMBER(SEARCH("material",C12)),Parameters!$B$6,IF(ISNUMBER(SEARCH("piece_relations",C12)),Parameters!$B$7,IF(ISNUMBER(SEARCH("geometry",C12)),Parameters!$B$8,IF(ISNUMBER(SEARCH("reasoning",C12)),Parameters!$B$9,Parameters!$B$10)))))) -> 8 | F12: =IF(D12="major",Parameters!$B$14,IF(D12="medium",Parameters!$B$15,Parameters!$B$16)) -> 2 | G12: =COUNTIFS($B$2:$B$132,B12,$C$2:$C$132,C12,$F$2:$F$132,">"&F12)+COUNTIFS($B$2:$B$132,B12,$C$2:$C$132,C12,$F$2:$F$132,F12,$A$2:$A$132,"<="&A12) -> 3 | H12: =Parameters!$B$20^(G12-1) -> 0.49 | I12: =E12*F12*H12 -> 7.84
A13: 12 | B13: ='Data LLAMA'!B13 -> 5 | C13: ='Data LLAMA'!F13 -> reasoning | D13: =LOWER(TRIM('Data LLAMA'!H13)) -> medium | E13: =IF(ISNUMBER(SEARCH("move_legality",C13)),Parameters!$B$4,IF(ISNUMBER(SEARCH("piece_placement",C13)),Parameters!$B$5,IF(ISNUMBER(SEARCH("material",C13)),Parameters!$B$6,IF(ISNUMBER(SEARCH("piece_relations",C13)),Parameters!$B$7,IF(ISNUMBER(SEARCH("geometry",C13)),Parameters!$B$8,IF(ISNUMBER(SEARCH("reasoning",C13)),Parameters!$B$9,Parameters!$B$10)))))) -> 2 | F13: =IF(D13="major",Parameters!$B$14,IF(D13="medium",Parameters!$B$15,Parameters!$B$16)) -> 2 | G13: =COUNTIFS($B$2:$B$132,B13,$C$2:$C$132,C13,$F$2:$F$132,">"&F13)+COUNTIFS($B$2:$B$132,B13,$C$2:$C$132,C13,$F$2:$F$132,F13,$A$2:$A$132,"<="&A13) -> 6 | H13: =Parameters!$B$20^(G13-1) -> 0.16807 | I13: =E13*F13*H13 -> 0.67228
... A132: 131 | B132: ='Data LLAMA'!B132 -> 20 | C132: ='Data LLAMA'!F132 -> move_legality | D132: =LOWER(TRIM('Data LLAMA'!H132)) -> major | E132: =IF(ISNUMBER(SEARCH("move_legality",C132)),Parameters!$B$4,IF(ISNUMBER(SEARCH("piece_placement",C132)),Parameters!$B$5,IF(ISNUMBER(SEARCH("material",C132)),Parameters!$B$6,IF(ISNUMBER(SEARCH("piece_relations",C132)),Parameters!$B$7,IF(ISNUMBER(SEARCH("geometry",C132)),Parameters!$B$8,IF(ISNUMBER(SEARCH("reasoning",C132)),Parameters!$B$9,Parameters!$B$10)))))) -> 8 | F132: =IF(D132="major",Parameters!$B$14,IF(D132="medium",Parameters!$B$15,Parameters!$B$16)) -> 3 | G132: =COUNTIFS($B$2:$B$132,B132,$C$2:$C$132,C132,$F$2:$F$132,">"&F132)+COUNTIFS($B$2:$B$132,B132,$C$2:$C$132,C132,$F$2:$F$132,F132,$A$2:$A$132,"<="&A132) -> 1 | H132: =Parameters!$B$20^(G132-1) -> 1 | I132: =E132*F132*H132 -> 24

Sheet Puzzle Scores LLAMA
A1: Puzzle ID | B1: Hallucinations (count) | C1: P_total (sum of penalties) | D1: Score_p = MAX(0, 100−P_total) | E1: Interpretation
A2: 1 | B2: =COUNTIF('Calculations LLAMA'!$B:$B, A2) -> 3 | C2: =SUMIF('Calculations LLAMA'!$B:$B, A2, 'Calculations LLAMA'!$I:$I) -> 23.4 | D2: =MAX(0,100-C2) -> 76.6 | E2: =IF(D2>=90,"Excellent",IF(D2>=75,"Good",IF(D2>=55,"Acceptable",IF(D2>=35,"Weak","Critic")))) -> Good
A3: 2 | B3: =COUNTIF('Calculations LLAMA'!$B:$B, A3) -> 5 | C3: =SUMIF('Calculations LLAMA'!$B:$B, A3, 'Calculations LLAMA'!$I:$I) -> 51.8 | D3: =MAX(0,100-C3) -> 48.2 | E3: =IF(D3>=90,"Excellent",IF(D3>=75,"Good",IF(D3>=55,"Acceptable",IF(D3>=35,"Weak","Critic")))) -> Weak
A4: 3 | B4: =COUNTIF('Calculations LLAMA'!$B:$B, A4) -> 6 | C4: =SUMIF('Calculations LLAMA'!$B:$B, A4, 'Calculations LLAMA'!$I:$I) -> 27.4724 | D4: =MAX(0,100-C4) -> 72.5276 | E4: =IF(D4>=90,"Excellent",IF(D4>=75,"Good",IF(D4>=55,"Acceptable",IF(D4>=35,"Weak","Critic")))) -> Acceptable
A5: 4 | B5: =COUNTIF('Calculations LLAMA'!$B:$B, A5) -> 7 | C5: =SUMIF('Calculations LLAMA'!$B:$B, A5, 'Calculations LLAMA'!$I:$I) -> 30.94834 | D5: =MAX(0,100-C5) -> 69.05166 | E5: =IF(D5>=90,"Excellent",IF(D5>=75,"Good",IF(D5>=55,"Acceptable",IF(D5>=35,"Weak","Critic")))) -> Acceptable
A6: 5 | B6: =COUNTIF('Calculations LLAMA'!$B:$B, A6) -> 9 | C6: =SUMIF('Calculations LLAMA'!$B:$B, A6, 'Calculations LLAMA'!$I:$I) -> 65.95088 | D6: =MAX(0,100-C6) -> 34.04912 | E6: =IF(D6>=90,"Excellent",IF(D6>=75,"Good",IF(D6>=55,"Acceptable",IF(D6>=35,"Weak","Critic")))) -> Critic
A7: 6 | B7: =COUNTIF('Calculations LLAMA'!$B:$B, A7) -> 7 | C7: =SUMIF('Calculations LLAMA'!$B:$B, A7, 'Calculations LLAMA'!$I:$I) -> 32.97474 | D7: =MAX(0,100-C7) -> 67.02526 | E7: =IF(D7>=90,"Excellent",IF(D7>=75,"Good",IF(D7>=55,"Acceptable",IF(D7>=35,"Weak","Critic")))) -> Acceptable
A8: 7 | B8: =COUNTIF('Calculations LLAMA'!$B:$B, A8) -> 9 | C8: =SUMIF('Calculations LLAMA'!$B:$B, A8, 'Calculations LLAMA'!$I:$I) -> 35.463838 | D8: =MAX(0,100-C8) -> 64.536162 | E8: =IF(D8>=90,"Excellent",IF(D8>=75,"Good",IF(D8>=55,"Acceptable",IF(D8>=35,"Weak","Critic")))) -> Acceptable
A9: 8 | B9: =COUNTIF('Calculations LLAMA'!$B:$B, A9) -> 6 | C9: =SUMIF('Calculations LLAMA'!$B:$B, A9, 'Calculations LLAMA'!$I:$I) -> 56.2 | D9: =MAX(0,100-C9) -> 43.8 | E9: =IF(D9>=90,"Excellent",IF(D9>=75,"Good",IF(D9>=55,"Acceptable",IF(D9>=35,"Weak","Critic")))) -> Weak
A10: 9 | B10: =COUNTIF('Calculations LLAMA'!$B:$B, A10) -> 6 | C10: =SUMIF('Calculations LLAMA'!$B:$B, A10, 'Calculations LLAMA'!$I:$I) -> 41.066 | D10: =MAX(0,100-C10) -> 58.934 | E10: =IF(D10>=90,"Excellent",IF(D10>=75,"Good",IF(D10>=55,"Acceptable",IF(D10>=35,"Weak","Critic")))) -> Acceptable
A11: 10 | B11: =COUNTIF('Calculations LLAMA'!$B:$B, A11) -> 6 | C11: =SUMIF('Calculations LLAMA'!$B:$B, A11, 'Calculations LLAMA'!$I:$I) -> 58.4 | D11: =MAX(0,100-C11) -> 41.6 | E11: =IF(D11>=90,"Excellent",IF(D11>=75,"Good",IF(D11>=55,"Acceptable",IF(D11>=35,"Weak","Critic")))) -> Weak
A12: 11 | B12: =COUNTIF('Calculations LLAMA'!$B:$B, A12) -> 2 | C12: =SUMIF('Calculations LLAMA'!$B:$B, A12, 'Calculations LLAMA'!$I:$I) -> 22 | D12: =MAX(0,100-C12) -> 78 | E12: =IF(D12>=90,"Excellent",IF(D12>=75,"Good",IF(D12>=55,"Acceptable",IF(D12>=35,"Weak","Critic")))) -> Good
A13: 12 | B13: =COUNTIF('Calculations LLAMA'!$B:$B, A13) -> 10 | C13: =SUMIF('Calculations LLAMA'!$B:$B, A13, 'Calculations LLAMA'!$I:$I) -> 41.110893 | D13: =MAX(0,100-C13) -> 58.889107 | E13: =IF(D13>=90,"Excellent",IF(D13>=75,"Good",IF(D13>=55,"Acceptable",IF(D13>=35,"Weak","Critic")))) -> Acceptable
... A21: 20 | B21: =COUNTIF('Calculations LLAMA'!$B:$B, A21) -> 14 | C21: =SUMIF('Calculations LLAMA'!$B:$B, A21, 'Calculations LLAMA'!$I:$I) -> 105.72668 | D21: =MAX(0,100-C21) -> 0 | E21: =IF(D21>=90,"Excellent",IF(D21>=75,"Good",IF(D21>=55,"Acceptable",IF(D21>=35,"Weak","Critic")))) -> Critic
A22: MODEL SCORE | C22: =ROUND(AVERAGE(C2:C21),2) -> 45.43 | D22: =ROUND(AVERAGE(D2:D21),2) -> 54.85 | E22: =IF(D22>=90,"Excellent",IF(D22>=75,"Good",IF(D22>=55,"Acceptable",IF(D22>=35,"Weak","Critic")))) -> Weak

Sheet Data QWEN
A1: model | B1: puzzle_id | C1: fen | D1: move | E1: original_claim | F1: hallucination_type | G1: fixed_claim | H1: potential_impact
A2: Qwen 3.5 397B A17B | B2: 1 | C2: 3rk2r/pp3p1p/1q2p1pb/3p4/3Q4/P1N1PB1P/1PP3P1/1R1R2K1 b k - 0 1 | D2: Bxe3 | E2: Ask yourself: What is the value of this sacrifice? | F2: piece_relations | G2: it is not a sacrifice, bishop is protected through x-ray | H2: major
A3: Qwen 3.5 397B A17B | B3: 1 | D3: Bxe3 | E3: We are giving up a Bishop for a pawn | F3: material | G3: bishop is protected, you are not giving it up | H3: medium
A4: Qwen 3.5 397B A17B | B4: 1 | E4: This is a 'Deflection' tactic | F4: reasoning | G4: the main theme of the puzzle is x-ray | H4: minor
A5: Qwen 3.5 397B A17B | B5: 1 | D5: Qxe3 | E5: Forced. White must recapture to avoid losing material or facing a dangerous attack | F5: reasoning | G5: white loses material either way | H5: major
A6: Qwen 3.5 397B A17B | B6: 1 | E6: Previously, the Queen on d4 was blocking your Queen's line of sight from b6 to e3. | F6: reasoning | G6: not really, queen was still controlling e3 thorugh x-ray | H6: medium
A7: Qwen 3.5 397B A17B | B7: 1 | D7: 2.Rh1 | E7: If the King tries to escape, you have still won a pawn and disrupted White's coordination | F7: reasoning | G7: if king moves you just win the queen anyways | H7: medium
A8: Qwen 3.5 397B A17B | B8: 1 | D8: 2...Qxd4?? | E8: Now you win the Queen anyway, as the Bishop on e3 controls important squares | F8: reasoning | G8: subvariation blunder, should have been Bxd4 | H8: major
A9: Qwen 3.5 397B A17B | B9: 1 | D9: Qxe3 | E9: Because the White Queen was forced to move to e3 | F9: move_legality | G9: not forced | H9: medium
A10: Qwen 3.5 397B A17B | B10: 1 | D10: 2...Qxe3 | E10: This is a classic example of an 'Overworked Piece'—the White Queen was trying to defend e3 and block the diagonal simultaneously | F10: reasoning | G10: not the theme of the puzzle + does not really make sense | H10: major
A11: Qwen 3.5 397B A17B | B11: 2 | C11: r2k3r/pp1b1p2/4p1pn/q2pP3/1b5p/1PNB1Q1P/PBP2P2/2KR2R1 w - - 4 20 | D11: Nd5 | E11: If we take, Black recaptures with the e6 pawn | F11: move_legality | G11: black could capture with the queen too | H11: medium
A12: Qwen 3.5 397B A17B | B12: 2 | D12: e6 | E12: This pawn push attacks the bishop on d7 and threatens to open lines directly to the Black King. | F12: reasoning | G12: first part correct, but fails to see the discovered attack | H12: major
A13: Qwen 3.5 397B A17B | B13: 2 | D13: Re8 | E13: Black attempts to defend against the advancing pawn and the opening lines. | F13: reasoning | G13: black choses to save the rook over the bishop on d7; does not explain why black did not move the bishop | H13: major
A14: Qwen 3.5 397B A17B | B14: 2 | D14: Kxd7 | E14: White has transformed a positional advantage into a material win | F14: material | G14: white is a pawn down, sacrifice was not for material gain | H14: major
A15: Qwen 3.5 397B A17B | B15: 3 | C15: 5k2/2nr1pp1/pb5p/1p2PP2/4N1R1/P3P2P/1B2K1P1/8 w - - 0 1 | D15: Kxg7 | E15: Declining the sacrifice would leave Black down a pawn with a shattered king position. | F15: material | G15: would leave black down 2 pawns | H15: major
A16: Qwen 3.5 397B A17B | B16: 3 | D16: Kf8 | E16: The King must move out of check. There is no way to block the Bishop's line. | F16: move_legality | G16: there were several other blocking options | H16: medium
A17: Qwen 3.5 397B A17B | B17: 4 | C17: r2nkb1r/3b1ppp/4pn2/1B2p3/8/4BN2/PPP2PPP/2KR3R w kq - 0 1 | D17: Rd7 | E17: Black's Bishop on d7 is defended by the Knight on d8 | F17: piece_relations | G17: knight does not protect the bishop | H17: major
A18: Qwen 3.5 397B A17B | B18: 4 | D18: Nd7 | E18: This is practically forced; otherwise, Black is simply down a piece. | F18: material | G18: black would be down a pawn | H18: major
A19: Qwen 3.5 397B A17B | B19: 4 | D19: Nd7 | E19: notice where the Knight lands: directly in front of its own King on e8 | F19: geometry | G19: d7 is not in front of e7 | H19: medium
A20: Qwen 3.5 397B A17B | B20: 4 | D20: Rd1 | E20: A quiet move that delivers a thunderbolt | F20: reasoning | G20: not quiet, attacks d7 knight | H20: major
A21: Qwen 3.5 397B A17B | B21: 4 | E21: look at the diagonal and file alignment: White Rook on d1, Black Knight on d7, Black King on e8. This is an Absolute Pin | F21: reasoning | G21: there is an abolute pin, but done by the b5 bishop, not by the d1 rook | H21: major
A22: Qwen 3.5 397B A17B | B22: 4 | D22: Ra5 | E22: When you have a calculated winning sequence, do not be distracted by threats that do not deliver immediate checkmate | F22: reasoning | G22: weird general advice that is not always true | H22: minor
A23: Qwen 3.5 397B A17B | B23: 4 | D23: Bxd7 | E23: We gave up a Rook (5 points) but won a Bishop (3 points) and a Knight (3 points). Net gain: +3 points (a full minor piece) | F23: material | G23: gain from sacrifice is +1 point | H23: major
A24: Qwen 3.5 397B A17B | B24: 5 | C24: 8/1p6/4N1pk/5n2/P7/1P3R2/2r4P/7K b - - 0 1 | D24: Kg2 | E24: Forced. The King must escape the check. | F24: move_legality | G24: blocking is also possible | H24: medium
A25: Qwen 3.5 397B A17B | B25: 5 | D25: Kg2 | E25: Moving to h2 would allow similar tactics | F25: move_legality | G25: Kh2 is illegal | H25: major
A26: Qwen 3.5 397B A17B | B26: 5 | D26: Kf3 | E26: Black is now up a full exchange (Rook vs Knight | F26: material | G26: rook vs knight + pawn | H26: major
A27: Qwen 3.5 397B A17B | B27: 6 | C27: r2r2k1/pb1nbppp/1p2p3/4P3/7q/PBN1B3/1P2QPPP/2RR2K1 w - - 0 1 | D27: Rd4 | E27: This is a classic 'Decoy Sacrifice' setup. | F27: reasoning | G27: there is no sacrifice, the rook is protected by the bishop | H27: major
A28: Qwen 3.5 397B A17B | B28: 6 | D28: Rd4 | E28: We voluntarily offer the Rook to lure the Queen onto a square where she becomes vulnerable to the Bishop. | F28: reasoning | G28: misses the point - the queen is trapped | H28: major
A29: Qwen 3.5 397B A17B | B29: 6 | D29: Qxd4 | E29: In tactical puzzles, when an opponent captures a piece, you must have a specific reason for allowing it | F29: reasoning | G29: true, but completely irrelevant here, the rook was always protected | H29: medium
A30: Qwen 3.5 397B A17B | B30: 6 | D30: Qxd4 | E30: Black wins a Rook temporarily, but fails to see the follow-up. | F30: reasoning | G30: misses the point - the queen is trapped, she'd be lost anyways | H30: major
A31: Qwen 3.5 397B A17B | B31: 6 | D31: Bxd4 | E31: This pattern of 'Lure and Capture' is a fundamental tactical motif. | F31: reasoning | G31: misses puzzle theme completely | H31: major
A32: Qwen 3.5 397B A17B | B32: 7 | C32: 5rk1/3r1p1p/pq4p1/2R1Q3/1p2P2P/3P4/PP1K2P1/5R2 b - - 0 1 | D32: f6 | E32: This is a classic 'Overloaded Defender' pattern. | F32: reasoning | G32: queen is not overloaded, but if attacked she cannot protect the rook from a different square | H32: medium
A33: Qwen 3.5 397B A17B | B33: 7 | D33: Qxc5 | E33: Always check if a piece is overworked before committing to a capture. | F33: reasoning | G33: weird general advice | H33: minor
A34: Qwen 3.5 397B A17B | B34: 8 | C34: 5r2/1rp2pkp/3qbp2/8/1b6/1Q2N1P1/PP2PP1P/2RR2K1 w - - 0 1 | D34: Nf5 | E34: In tactics, we often give up material to force a specific response or to remove a key defender. This move disrupts Black's coordination and demands an immediate reply. | F34: reasoning | G34: overall true, but fails to mention why the sacrifice is needed in the current position | H34: minor
A35: Qwen 3.5 397B A17B | B35: 8 | D35: Bxf5 | E35: Black is compelled to capture the checking piece. This is a 'forced move.' | F35: move_legality | G35: not forced | H35: major
A36: Qwen 3.5 397B A17B | B36: 8 | D36: Rd6 | E36: Now the purpose of the sacrifice becomes clear. We win the Queen. | F36: reasoning | G36: fails to mention why we did not capture the queen to begin with | H36: major
A37: Qwen 3.5 397B A17B | B37: 8 | D37: Rd6 | E37: We have exchanged a minor piece (3 points) for a major piece (9 points), securing a decisive material advantage | F37: material | G37: black will capture our rook too in the next move | H37: major
A38: Qwen 3.5 397B A17B | B38: 9 | C38: r3rb1k/2qn2pp/2p2p2/ppn1p2b/4P3/1PB1NPPB/P1P3QP/3RNR1K w - - 0 1 | D38: Bxd7 | E38: However, before grabbing it, we must ensure there are no hidden defenses or counter-attacks | F38: reasoning | G38: before grabbing it it has to be attacked | H38: major
A39: Qwen 3.5 397B A17B | B39: 9 | D39: Bxd7 | E39: The move Bxd7 serves two purposes. First, it removes a black Knight that could potentially create counterplay or defend key squares | F39: reasoning | G39: Bd7 is clearing the h3 sqaure for the queen | H39: major
A40: Qwen 3.5 397B A17B | B40: 9 | D40: Nxd7 | E40: Here, maintaining material balance is Black's priority, but this recapture keeps the Knight on a dark square | F40: piece_placement | G40: d7 is a light square | H40: major
A41: Qwen 3.5 397B A17B | B41: 9 | D41: Nxd7 | E41: away from defending the h5 Bishop. | F41: reasoning | G41: the knight has nothing to do with the bishop, completely misses the point of the first move Bxd7 | H41: medium
A42: Qwen 3.5 397B A17B | B42: 9 | D42: Qh3 | E42: Now we prepare the final blow. You might wonder, "Why not play Qxh5 immediately?" | F42: piece_relations | G42: because you cannot go from g2 to h5 dirrectly, the clearance of h3 was needed | H42: major
A43: Qwen 3.5 397B A17B | B43: 9 | D43: Qh3 | E43: while ensuring the Queen itself is safe from any sudden knight forks or discovered attacks. | F43: reasoning | G43: completely irrelevant | H43: major
A44: Qwen 3.5 397B A17B | B44: 9 | D44: Qh3 | E44: This is a classic example of "preparation" in tactics. | F44: reasoning | G44: not the theme of the puzzle | H44: minor
A45: Qwen 3.5 397B A17B | B45: 9 | D45: Rad8 | E45: Black tries to activate the Rook and create pressure on the d-file. This is a logical defensive try, hoping to distract White or create counter-threats | F45: reasoning | G45: fails to see qh3 was a double attack & Rad8 is protecting the knight | H45: major
A46: Qwen 3.5 397B A17B | B46: 9 | D46: Rad8 | E46: in tactical puzzles, always prioritize immediate material gains over passive defense unless there is a mate threat. | F46: reasoning | G46: irrelevant general advice | H46: minor
A47: Qwen 3.5 397B A17B | B47: 9 | D47: Qxh5 | E47: The Black Bishop on h5 was the target all along | F47: reasoning | G47: is was not the only target | H47: minor
A48: Qwen 3.5 397B A17B | B48: 9 | D48: Qxh5 | E48: By removing the Knight on d7 first and positioning the Queen safely, we have ensured that this capture wins clean material. | F48: reasoning | G48: again, fails to mention the double attack | H48: major
A49: Qwen 3.5 397B A17B | B49: 9 | D49: Qxh5 | E49: White is now up a piece (Bishop for Knight + Bishop). | F49: material | G49: weird phrasing, white is up a full knight | H49: minor
A50: Qwen 3.5 397B A17B | B50: 10 | C50: r2r2k1/5pp1/pp6/2b1R3/3N4/2P2P1P/1PR3P1/6K1 b - - 0 1 | D50: Rxd4 | E50: We sacrifice the Exchange (Rook for Knight) to open the line for a stronger attack | F50: reasoning | G50: not specific enough | H50: minor
A51: Qwen 3.5 397B A17B | B51: 10 | D51: cxd4 | E51: Forced Response: White recaptures to avoid losing material immediately. | F51: move_legality | G51: not forced | H51: medium
A52: Qwen 3.5 397B A17B | B52: 10 | D52: cxd4 | E52: Here, the pawn moves from c3 to d4, which inadvertently clears the c3 square | F52: reasoning | G52: the point is the pawn is no longer attacking the d4 square after the capture; c3 is completely irrelevant | H52: major
A53: Qwen 3.5 397B A17B | B53: 10 | D53: Bxd4 | E53: Even though we sacrificed material, the active Bishop and exposed enemy King create threats that will win back the material or lead to a decisive attack. | F53: reasoning | G53: fails to see Bd4 win the rook on e5 in the next move, not specific | H53: major
A54: Qwen 3.5 397B A17B | B54: 11 | C54: r1bqk1nr/ppp2ppp/8/n1bPp3/2B5/2P2N2/PP1P1PPP/RNBQK2R w KQkq - 0 1 | D54: Qa4 | E54: This is more effective than capturing immediately or making a quiet move. | F54: reasoning | G54: capturing immediately was not possible | H54: medium
A55: Qwen 3.5 397B A17B | B55: 11 | D55: Bd7 | E55: Consider alternative defenses: If 1... c6, then 2. Qxa5 wins the knight anyway | F55: reasoning | G55: false, Qxa5 would lose the queen | H55: major
A56: Qwen 3.5 397B A17B | B56: 11 | D56: Bd7 | E56: If 1... Nc6, then 2. Qxc6+ wins the knight with check | F56: reasoning | G56: false, Qxc6 would lose the queen | H56: major
A57: Qwen 3.5 397B A17B | B57: 11 | D57: Qxa5 | E57: Because the previous move was a check, Black was forced to react to the threat against their King, leaving them no time to protect the Knight. | F57: reasoning | G57: fails to correctly identify why other blocking moves do not work | H57: major
A58: Qwen 3.5 397B A17B | B58: 12 | C58: r2r4/1pQ1q1k1/1n3pp1/pN6/b2pP3/3P1RPp/1P2B2P/5RK1 b - - 0 1 | E58: Today we focus on recognizing when the opponent's most powerful piece, the Queen, is overextended. | F58: reasoning | G58: "overextended" refers to pawns, not to a queen | H58: minor
A59: Qwen 3.5 397B A17B | B59: 12 | D59: Rd7 | E59: Do not fear moving a rook in front of your own king if it serves a concrete tactical purpose. | F59: reasoning | G59: ?moves the rook in front of the queen, not the king, to protect her + weird advice | H59: major
A60: Qwen 3.5 397B A17B | B60: 12 | D60: Qxb6 | E60: White decides to grab material. This is a natural reaction; | F60: reasoning | G60: fails to point out why moving somewhere else does not work | H60: minor
A61: Qwen 3.5 397B A17B | B61: 12 | D61: Ra6 | E61: Here, Ra6 attacks the Queen again. Notice how the Queen has very few safe squares | F61: reasoning | G61: queen has no safe square at all | H61: major
A62: Qwen 3.5 397B A17B | B62: 12 | D62: Qxa6 | E62: White feels compelled to take the Rook to avoid losing the Queen for nothing | F62: reasoning | G62: white would lose the queen anyways | H62: medium
A63: Qwen 3.5 397B A17B | B63: 12 | D63: bxa6 | E63: Black has a safe King and a passed pawn on the a-file | F63: reasoning | G63: the pawns are not passes pawns on the a-file | H63: major
A64: Qwen 3.5 397B A17B | B64: 12 | D64: bxa6 | E64: Eliminating a dangerous attacker is often worth a small material concession. | F64: material | G64: in this case we did not lose material, we are up 2 points | H64: major
A65: Qwen 3.5 397B A17B | B65: 13 | C65: 1r3k2/3r1p2/3N2pb/3PQ3/P3P2p/1PR4P/3q2PK/8 w - - 0 1 | D65: Rc8 | E65: We use a Deflection Sacrifice | F65: reasoning | G65: it is not a sacrifice, the point is to gain control over the c8 square | H65: medium
A66: Qwen 3.5 397B A17B | B66: 13 | D66: Rc8 | E66: We sacrifice the Rook to lure the Black Rook to c8, | F66: reasoning | G66: again, not a sacrifice | H66: medium
A67: Qwen 3.5 397B A17B | B67: 13 | D67: Rxc8 | E67: If the King moves instead (1... Ke7), White wins material decisively with 2. Nxc8+ | F67: move_legality | G67: Ke7 is illegal | H67: major
A68: Qwen 3.5 397B A17B | B68: 13 | D68: Rxc8 | E68: Black is practically forced to take | F68: move_legality | G68: not forced, fails to identify Rd8 blocking & mention why it would not help black | H68: medium
A69: Qwen 3.5 397B A17B | B69: 13 | D69: Ke7 | E69: There are no other safe squares. f7 is covered by our Knight, | F69: piece_placement | G69: f7 has a black pawn on it | H69: minor
A70: Qwen 3.5 397B A17B | B70: 13 | D70: Nc8 | E70: The King cannot take the Knight because the Queen on h8 protects c8. | F70: geometry | G70: king is too far away | H70: major
A71: Qwen 3.5 397B A17B | B71: 14 | C71: r4k1r/1ppq1ppp/1p2P3/n3PbQ1/1bP5/2N2N1P/PP4P1/2KR1B1R b - - 0 1 | D71: axb3 | E71: While declining might seem an option, in puzzle scenarios, assume the opponent makes the move that requires your plan to be precise | F71: move_legality | G71: white is forced to capture | H71: major
A72: Qwen 3.5 397B A17B | B72: 14 | D72: Ra1 | E72: Notice how the White King is trapped by his own pieces and the edge of the board. | F72: reasoning | G72: we are attacking the c2 & d2 squares, those are not blocked by white pieces | H72: medium
A73: Qwen 3.5 397B A17B | B73: 14 | D73: Nb1 | E73: but this moves the defender away from its optimal square | F73: reasoning | G73: irrelevant comment | H73: minor
A74: Qwen 3.5 397B A17B | B74: 14 | D74: Rxb1 | E74: This is a beautiful example of 'Removing the Guard'. The Knight on c3 was defending b1. | F74: reasoning | G74: not removing the defender | H74: minor
A75: Qwen 3.5 397B A17B | B75: 15 | C75: 3qrrk1/pp1b1pbp/2n1p1p1/3p2NP/3P4/2PB2P1/PP1N1PK1/R2Q3R w - - 0 1 | D75: Kxh7 | E75: If Black declines, White has a crushing attack with a free piece. | F75: material | G75: white has a pawn & could capture an exchange in the next move- but not a free piece | H75: medium
A76: Qwen 3.5 397B A17B | B76: 15 | D76: hxg6 | E76: By opening the h-file and g-file, | F76: geometry | G76: g-file is not open | H76: medium
A77: Qwen 3.5 397B A17B | B77: 15 | D77: hxg6 | E77: we activate our Rooks and Queen | F77: reasoning | G77: we only activate the rook on h1 & the queen | H77: minor
A78: Qwen 3.5 397B A17B | B78: 15 | D78: Qh5 | E78: Notice how the Queen, Bishop, and pawns all work together. | F78: piece_relations | G78: there is only the pawn on g6 that contributes to the attack | H78: minor
A79: Qwen 3.5 397B A17B | B79: 15 | D79: fxg6 | E79: A desperate defense to block the Queen's path | F79: geometry | G79: does not block queen's path, it creates an escape sqaure | H79: major
A80: Qwen 3.5 397B A17B | B80: 15 | D80: fxg6 | E80: but it weakens the dark squares around the King further. | F80: geometry | G80: nothing to do with the dark squares | H80: major
A81: Qwen 3.5 397B A17B | B81: 15 | D81: Qxg6 | E81: The threat is renewed | F81: reasoning | G81: Qh7 threat is not renewed, new threath is Rh8 | H81: major
A82: Qwen 3.5 397B A17B | B82: 15 | D82: Rf6 | E82: Trying to create an escape square or block | F82: reasoning | G82: simply attacks the queen | H82: major
A83: Qwen 3.5 397B A17B | B83: 15 | D83: Rh8 | E83: Deflection Sacrifice: This is the key learning point. We sacrifice the Rook to drag the King to a fatal square | F83: reasoning | G83: not defection, but attraction | H83: minor
A84: Qwen 3.5 397B A17B | B84: 16 | C84: 4r1k1/p4Rbp/1p1q2r1/2pN4/2P3n1/3nP1P1/PB4Q1/3N1RK1 w - - 0 1 | D84: Ne7 | E84: If Black declines with 1... Kh8, then 2. Qa8 wins material or mates | F84: reasoning | G84: 2.Qa8 is a blunder | H84: major
A85: Qwen 3.5 397B A17B | B85: 16 | E85: By taking, Black loses control of the critical e8 square. | F85: piece_relations | G85: e8 square is controlled by the black rook if he captures the knight, but the 8th rank is no longer defended | H85: major
A86: Qwen 3.5 397B A17B | B86: 16 | D86: Rxe7 | E86: Forced. | F86: move_legality | G86: false, not forced | H86: major
A87: Qwen 3.5 397B A17B | B87: 16 | D87: Qa8 | E87: Notice how the Queen utilizes the open lines to target the back rank | F87: geometry | G87: utilizez open diagonal | H87: minor
A88: Qwen 3.5 397B A17B | B88: 16 | D88: Re8 | E88: Black has no choice but to block. | F88: move_legality | G88: other blocking options are available too | H88: medium
A89: Qwen 3.5 397B A17B | B89: 16 | D89: Re8 | E89: The rook returns to e8, but now it is unprotected and overloaded. | F89: reasoning | G89: it is just unprotected | H89: medium
A90: Qwen 3.5 397B A17B | B90: 17 | C90: 3r4/8/p1n4p/1p2p1p1/5k2/P2rpP2/1P2R1PP/4BRK1 w - - 0 1 | D90: g4 | E90: the Black King on f4 is exposed and active, which is often a weakness | F90: reasoning | G90: is exposed and trapped in the center, being active is not often a weakness | H90: minor
A91: Qwen 3.5 397B A17B | B91: 17 | D91: g4 | E91: The move g4 is a key prophylactic move: it restricts the King's escape squares, specifically controlling f5 and h5, while simultaneously preparing a line for our Bishop to enter the attack | F91: reasoning | G91: notices escape square correctly!! , but g4 opens no line for the bishop | H91: major
A92: Qwen 3.5 397B A17B | B92: 17 | D92: Bg3 | E92: The Black King has no escape: e4 is covered by our Rook on e2, | F92: piece_relations | G92: e4 is covered by our pawn on f3, not the rook as there is a black pawn on e3 | H92: major
A93: Qwen 3.5 397B A17B | B93: 18 | C93: 8/8/5p2/5k1p/2rBR2p/P4KbP/6P1/8 b - - 0 1 | E93: Today we focus on the concept of the "Overworked Piece | F93: reasoning | G93: not the theme, zugzwang is | H93: major
A94: Qwen 3.5 397B A17B | B94: 18 | E94: Our goal is to overload this piece, forcing it to abandon one duty to fulfill another. | F94: reasoning | G94: not the theme, zugzwang is | H94: major
A95: Qwen 3.5 397B A17B | B95: 18 | D95: Ra4 | E95: At first glance, your Rook on c4 is under attack by the White Bishop on d4. | F95: piece_relations | G95: FALSE | H95: major
A96: Qwen 3.5 397B A17B | B96: 18 | D96: Ra4 | E96: he White Rook on e4 has two jobs:It controls the f4 square, preventing immediate mating threats against the White King on f3. | F96: reasoning | G96: completely false | H96: major
A97: Qwen 3.5 397B A17B | B97: 18 | D97: Ra4 | E97: We move our Rook out of the Bishop's attack safely. | F97: piece_relations | G97: bishop was not attacking the rook | H97: major
A98: Qwen 3.5 397B A17B | B98: 18 | D98: Ra4 | E98: We prepare a deadly threat: ...Rf4# | F98: reasoning | G98: completely false | H98: major
A99: Qwen 3.5 397B A17B | B99: 18 | D99: Ra4 | E99: The White King is cramped | F99: reasoning | G99: completely false | H99: major
A100: Qwen 3.5 397B A17B | B100: 18 | D100: Ra4 | E100: This is a <b>Deflection</b> tactic. We are not attacking the piece we want to win yet; we are attacking the King to force the defender away | F100: reasoning | G100: not the theme, zugzwang is | H100: major
...

Sheet Calculations QWEN
A1: Row Idx | B1: Puzzle ID | C1: Hallucination Type | D1: Impact (cleaned) | E1: W_c (weight) | F1: M_s (×severity) | G1: k (rank in group) | H1: δ^(k-1) (decay) | I1: P (penalty)
A2: 1 | B2: ='Data QWEN'!B2 -> 1 | C2: ='Data QWEN'!F2 -> piece_relations | D2: =LOWER(TRIM('Data QWEN'!H2)) -> major | E2: =IF(ISNUMBER(SEARCH("move_legality",C2)),Parameters!$B$4,IF(ISNUMBER(SEARCH("piece_placement",C2)),Parameters!$B$5,IF(ISNUMBER(SEARCH("material",C2)),Parameters!$B$6,IF(ISNUMBER(SEARCH("piece_relations",C2)),Parameters!$B$7,IF(ISNUMBER(SEARCH("geometry",C2)),Parameters!$B$8,IF(ISNUMBER(SEARCH("reasoning",C2)),Parameters!$B$9,Parameters!$B$10)))))) -> 4 | F2: =IF(D2="major",Parameters!$B$14,IF(D2="medium",Parameters!$B$15,Parameters!$B$16)) -> 3 | G2: =COUNTIFS($B$2:$B$115,B2,$C$2:$C$115,C2,$F$2:$F$115,">"&F2)+COUNTIFS($B$2:$B$115,B2,$C$2:$C$115,C2,$F$2:$F$115,F2,$A$2:$A$115,"<="&A2) -> 1 | H2: =Parameters!$B$20^(G2-1) -> 1 | I2: =E2*F2*H2 -> 12
A3: 2 | B3: ='Data QWEN'!B3 -> 1 | C3: ='Data QWEN'!F3 -> material | D3: =LOWER(TRIM('Data QWEN'!H3)) -> medium | E3: =IF(ISNUMBER(SEARCH("move_legality",C3)),Parameters!$B$4,IF(ISNUMBER(SEARCH("piece_placement",C3)),Parameters!$B$5,IF(ISNUMBER(SEARCH("material",C3)),Parameters!$B$6,IF(ISNUMBER(SEARCH("piece_relations",C3)),Parameters!$B$7,IF(ISNUMBER(SEARCH("geometry",C3)),Parameters!$B$8,IF(ISNUMBER(SEARCH("reasoning",C3)),Parameters!$B$9,Parameters!$B$10)))))) -> 5 | F3: =IF(D3="major",Parameters!$B$14,IF(D3="medium",Parameters!$B$15,Parameters!$B$16)) -> 2 | G3: =COUNTIFS($B$2:$B$115,B3,$C$2:$C$115,C3,$F$2:$F$115,">"&F3)+COUNTIFS($B$2:$B$115,B3,$C$2:$C$115,C3,$F$2:$F$115,F3,$A$2:$A$115,"<="&A3) -> 1 | H3: =Parameters!$B$20^(G3-1) -> 1 | I3: =E3*F3*H3 -> 10
A4: 3 | B4: ='Data QWEN'!B4 -> 1 | C4: ='Data QWEN'!F4 -> reasoning | D4: =LOWER(TRIM('Data QWEN'!H4)) -> minor | E4: =IF(ISNUMBER(SEARCH("move_legality",C4)),Parameters!$B$4,IF(ISNUMBER(SEARCH("piece_placement",C4)),Parameters!$B$5,IF(ISNUMBER(SEARCH("material",C4)),Parameters!$B$6,IF(ISNUMBER(SEARCH("piece_relations",C4)),Parameters!$B$7,IF(ISNUMBER(SEARCH("geometry",C4)),Parameters!$B$8,IF(ISNUMBER(SEARCH("reasoning",C4)),Parameters!$B$9,Parameters!$B$10)))))) -> 2 | F4: =IF(D4="major",Parameters!$B$14,IF(D4="medium",Parameters!$B$15,Parameters!$B$16)) -> 1 | G4: =COUNTIFS($B$2:$B$115,B4,$C$2:$C$115,C4,$F$2:$F$115,">"&F4)+COUNTIFS($B$2:$B$115,B4,$C$2:$C$115,C4,$F$2:$F$115,F4,$A$2:$A$115,"<="&A4) -> 6 | H4: =Parameters!$B$20^(G4-1) -> 0.16807 | I4: =E4*F4*H4 -> 0.33614
A5: 4 | B5: ='Data QWEN'!B5 -> 1 | C5: ='Data QWEN'!F5 -> reasoning | D5: =LOWER(TRIM('Data QWEN'!H5)) -> major | E5: =IF(ISNUMBER(SEARCH("move_legality",C5)),Parameters!$B$4,IF(ISNUMBER(SEARCH("piece_placement",C5)),Parameters!$B$5,IF(ISNUMBER(SEARCH("material",C5)),Parameters!$B$6,IF(ISNUMBER(SEARCH("piece_relations",C5)),Parameters!$B$7,IF(ISNUMBER(SEARCH("geometry",C5)),Parameters!$B$8,IF(ISNUMBER(SEARCH("reasoning",C5)),Parameters!$B$9,Parameters!$B$10)))))) -> 2 | F5: =IF(D5="major",Parameters!$B$14,IF(D5="medium",Parameters!$B$15,Parameters!$B$16)) -> 3 | G5: =COUNTIFS($B$2:$B$115,B5,$C$2:$C$115,C5,$F$2:$F$115,">"&F5)+COUNTIFS($B$2:$B$115,B5,$C$2:$C$115,C5,$F$2:$F$115,F5,$A$2:$A$115,"<="&A5) -> 1 | H5: =Parameters!$B$20^(G5-1) -> 1 | I5: =E5*F5*H5 -> 6
A6: 5 | B6: ='Data QWEN'!B6 -> 1 | C6: ='Data QWEN'!F6 -> reasoning | D6: =LOWER(TRIM('Data QWEN'!H6)) -> medium | E6: =IF(ISNUMBER(SEARCH("move_legality",C6)),Parameters!$B$4,IF(ISNUMBER(SEARCH("piece_placement",C6)),Parameters!$B$5,IF(ISNUMBER(SEARCH("material",C6)),Parameters!$B$6,IF(ISNUMBER(SEARCH("piece_relations",C6)),Parameters!$B$7,IF(ISNUMBER(SEARCH("geometry",C6)),Parameters!$B$8,IF(ISNUMBER(SEARCH("reasoning",C6)),Parameters!$B$9,Parameters!$B$10)))))) -> 2 | F6: =IF(D6="major",Parameters!$B$14,IF(D6="medium",Parameters!$B$15,Parameters!$B$16)) -> 2 | G6: =COUNTIFS($B$2:$B$115,B6,$C$2:$C$115,C6,$F$2:$F$115,">"&F6)+COUNTIFS($B$2:$B$115,B6,$C$2:$C$115,C6,$F$2:$F$115,F6,$A$2:$A$115,"<="&A6) -> 4 | H6: =Parameters!$B$20^(G6-1) -> 0.343 | I6: =E6*F6*H6 -> 1.372
A7: 6 | B7: ='Data QWEN'!B7 -> 1 | C7: ='Data QWEN'!F7 -> reasoning | D7: =LOWER(TRIM('Data QWEN'!H7)) -> medium | E7: =IF(ISNUMBER(SEARCH("move_legality",C7)),Parameters!$B$4,IF(ISNUMBER(SEARCH("piece_placement",C7)),Parameters!$B$5,IF(ISNUMBER(SEARCH("material",C7)),Parameters!$B$6,IF(ISNUMBER(SEARCH("piece_relations",C7)),Parameters!$B$7,IF(ISNUMBER(SEARCH("geometry",C7)),Parameters!$B$8,IF(ISNUMBER(SEARCH("reasoning",C7)),Parameters!$B$9,Parameters!$B$10)))))) -> 2 | F7: =IF(D7="major",Parameters!$B$14,IF(D7="medium",Parameters!$B$15,Parameters!$B$16)) -> 2 | G7: =COUNTIFS($B$2:$B$115,B7,$C$2:$C$115,C7,$F$2:$F$115,">"&F7)+COUNTIFS($B$2:$B$115,B7,$C$2:$C$115,C7,$F$2:$F$115,F7,$A$2:$A$115,"<="&A7) -> 5 | H7: =Parameters!$B$20^(G7-1) -> 0.2401 | I7: =E7*F7*H7 -> 0.9604
A8: 7 | B8: ='Data QWEN'!B8 -> 1 | C8: ='Data QWEN'!F8 -> reasoning | D8: =LOWER(TRIM('Data QWEN'!H8)) -> major | E8: =IF(ISNUMBER(SEARCH("move_legality",C8)),Parameters!$B$4,IF(ISNUMBER(SEARCH("piece_placement",C8)),Parameters!$B$5,IF(ISNUMBER(SEARCH("material",C8)),Parameters!$B$6,IF(ISNUMBER(SEARCH("piece_relations",C8)),Parameters!$B$7,IF(ISNUMBER(SEARCH("geometry",C8)),Parameters!$B$8,IF(ISNUMBER(SEARCH("reasoning",C8)),Parameters!$B$9,Parameters!$B$10)))))) -> 2 | F8: =IF(D8="major",Parameters!$B$14,IF(D8="medium",Parameters!$B$15,Parameters!$B$16)) -> 3 | G8: =COUNTIFS($B$2:$B$115,B8,$C$2:$C$115,C8,$F$2:$F$115,">"&F8)+COUNTIFS($B$2:$B$115,B8,$C$2:$C$115,C8,$F$2:$F$115,F8,$A$2:$A$115,"<="&A8) -> 2 | H8: =Parameters!$B$20^(G8-1) -> 0.7 | I8: =E8*F8*H8 -> 4.2
A9: 8 | B9: ='Data QWEN'!B9 -> 1 | C9: ='Data QWEN'!F9 -> move_legality | D9: =LOWER(TRIM('Data QWEN'!H9)) -> medium | E9: =IF(ISNUMBER(SEARCH("move_legality",C9)),Parameters!$B$4,IF(ISNUMBER(SEARCH("piece_placement",C9)),Parameters!$B$5,IF(ISNUMBER(SEARCH("material",C9)),Parameters!$B$6,IF(ISNUMBER(SEARCH("piece_relations",C9)),Parameters!$B$7,IF(ISNUMBER(SEARCH("geometry",C9)),Parameters!$B$8,IF(ISNUMBER(SEARCH("reasoning",C9)),Parameters!$B$9,Parameters!$B$10)))))) -> 8 | F9: =IF(D9="major",Parameters!$B$14,IF(D9="medium",Parameters!$B$15,Parameters!$B$16)) -> 2 | G9: =COUNTIFS($B$2:$B$115,B9,$C$2:$C$115,C9,$F$2:$F$115,">"&F9)+COUNTIFS($B$2:$B$115,B9,$C$2:$C$115,C9,$F$2:$F$115,F9,$A$2:$A$115,"<="&A9) -> 1 | H9: =Parameters!$B$20^(G9-1) -> 1 | I9: =E9*F9*H9 -> 16
A10: 9 | B10: ='Data QWEN'!B10 -> 1 | C10: ='Data QWEN'!F10 -> reasoning | D10: =LOWER(TRIM('Data QWEN'!H10)) -> major | E10: =IF(ISNUMBER(SEARCH("move_legality",C10)),Parameters!$B$4,IF(ISNUMBER(SEARCH("piece_placement",C10)),Parameters!$B$5,IF(ISNUMBER(SEARCH("material",C10)),Parameters!$B$6,IF(ISNUMBER(SEARCH("piece_relations",C10)),Parameters!$B$7,IF(ISNUMBER(SEARCH("geometry",C10)),Parameters!$B$8,IF(ISNUMBER(SEARCH("reasoning",C10)),Parameters!$B$9,Parameters!$B$10)))))) -> 2 | F10: =IF(D10="major",Parameters!$B$14,IF(D10="medium",Parameters!$B$15,Parameters!$B$16)) -> 3 | G10: =COUNTIFS($B$2:$B$115,B10,$C$2:$C$115,C10,$F$2:$F$115,">"&F10)+COUNTIFS($B$2:$B$115,B10,$C$2:$C$115,C10,$F$2:$F$115,F10,$A$2:$A$115,"<="&A10) -> 3 | H10: =Parameters!$B$20^(G10-1) -> 0.49 | I10: =E10*F10*H10 -> 2.94
A11: 10 | B11: ='Data QWEN'!B11 -> 2 | C11: ='Data QWEN'!F11 -> move_legality | D11: =LOWER(TRIM('Data QWEN'!H11)) -> medium | E11: =IF(ISNUMBER(SEARCH("move_legality",C11)),Parameters!$B$4,IF(ISNUMBER(SEARCH("piece_placement",C11)),Parameters!$B$5,IF(ISNUMBER(SEARCH("material",C11)),Parameters!$B$6,IF(ISNUMBER(SEARCH("piece_relations",C11)),Parameters!$B$7,IF(ISNUMBER(SEARCH("geometry",C11)),Parameters!$B$8,IF(ISNUMBER(SEARCH("reasoning",C11)),Parameters!$B$9,Parameters!$B$10)))))) -> 8 | F11: =IF(D11="major",Parameters!$B$14,IF(D11="medium",Parameters!$B$15,Parameters!$B$16)) -> 2 | G11: =COUNTIFS($B$2:$B$115,B11,$C$2:$C$115,C11,$F$2:$F$115,">"&F11)+COUNTIFS($B$2:$B$115,B11,$C$2:$C$115,C11,$F$2:$F$115,F11,$A$2:$A$115,"<="&A11) -> 1 | H11: =Parameters!$B$20^(G11-1) -> 1 | I11: =E11*F11*H11 -> 16
A12: 11 | B12: ='Data QWEN'!B12 -> 2 | C12: ='Data QWEN'!F12 -> reasoning | D12: =LOWER(TRIM('Data QWEN'!H12)) -> major | E12: =IF(ISNUMBER(SEARCH("move_legality",C12)),Parameters!$B$4,IF(ISNUMBER(SEARCH("piece_placement",C12)),Parameters!$B$5,IF(ISNUMBER(SEARCH("material",C12)),Parameters!$B$6,IF(ISNUMBER(SEARCH("piece_relations",C12)),Parameters!$B$7,IF(ISNUMBER(SEARCH("geometry",C12)),Parameters!$B$8,IF(ISNUMBER(SEARCH("reasoning",C12)),Parameters!$B$9,Parameters!$B$10)))))) -> 2 | F12: =IF(D12="major",Parameters!$B$14,IF(D12="medium",Parameters!$B$15,Parameters!$B$16)) -> 3 | G12: =COUNTIFS($B$2:$B$115,B12,$C$2:$C$115,C12,$F$2:$F$115,">"&F12)+COUNTIFS($B$2:$B$115,B12,$C$2:$C$115,C12,$F$2:$F$115,F12,$A$2:$A$115,"<="&A12) -> 1 | H12: =Parameters!$B$20^(G12-1) -> 1 | I12: =E12*F12*H12 -> 6
A13: 12 | B13: ='Data QWEN'!B13 -> 2 | C13: ='Data QWEN'!F13 -> reasoning | D13: =LOWER(TRIM('Data QWEN'!H13)) -> major | E13: =IF(ISNUMBER(SEARCH("move_legality",C13)),Parameters!$B$4,IF(ISNUMBER(SEARCH("piece_placement",C13)),Parameters!$B$5,IF(ISNUMBER(SEARCH("material",C13)),Parameters!$B$6,IF(ISNUMBER(SEARCH("piece_relations",C13)),Parameters!$B$7,IF(ISNUMBER(SEARCH("geometry",C13)),Parameters!$B$8,IF(ISNUMBER(SEARCH("reasoning",C13)),Parameters!$B$9,Parameters!$B$10)))))) -> 2 | F13: =IF(D13="major",Parameters!$B$14,IF(D13="medium",Parameters!$B$15,Parameters!$B$16)) -> 3 | G13: =COUNTIFS($B$2:$B$115,B13,$C$2:$C$115,C13,$F$2:$F$115,">"&F13)+COUNTIFS($B$2:$B$115,B13,$C$2:$C$115,C13,$F$2:$F$115,F13,$A$2:$A$115,"<="&A13) -> 2 | H13: =Parameters!$B$20^(G13-1) -> 0.7 | I13: =E13*F13*H13 -> 4.2
... A115: 114 | B115: ='Data QWEN'!B115 -> 20 | C115: ='Data QWEN'!F115 -> reasoning | D115: =LOWER(TRIM('Data QWEN'!H115)) -> major | E115: =IF(ISNUMBER(SEARCH("move_legality",C115)),Parameters!$B$4,IF(ISNUMBER(SEARCH("piece_placement",C115)),Parameters!$B$5,IF(ISNUMBER(SEARCH("material",C115)),Parameters!$B$6,IF(ISNUMBER(SEARCH("piece_relations",C115)),Parameters!$B$7,IF(ISNUMBER(SEARCH("geometry",C115)),Parameters!$B$8,IF(ISNUMBER(SEARCH("reasoning",C115)),Parameters!$B$9,Parameters!$B$10)))))) -> 2 | F115: =IF(D115="major",Parameters!$B$14,IF(D115="medium",Parameters!$B$15,Parameters!$B$16)) -> 3 | G115: =COUNTIFS($B$2:$B$115,B115,$C$2:$C$115,C115,$F$2:$F$115,">"&F115)+COUNTIFS($B$2:$B$115,B115,$C$2:$C$115,C115,$F$2:$F$115,F115,$A$2:$A$115,"<="&A115) -> 3 | H115: =Parameters!$B$20^(G115-1) -> 0.49 | I115: =E115*F115*H115 -> 2.94

Sheet Puzzle Scores QWEN
A1: Puzzle ID | B1: Hallucinations (count) | C1: P_total (sum of penalties) | D1: Score_p = MAX(0, 100−P_total) | E1: Interpretation
A2: 1 | B2: =COUNTIF('Calculations QWEN'!$B:$B, A2) -> 9 | C2: =SUMIF('Calculations QWEN'!$B:$B, A2, 'Calculations QWEN'!$I:$I) -> 53.80854 | D2: =MAX(0,100-C2) -> 46.19146 | E2: =IF(D2>=90,"Excellent",IF(D2>=75,"Good",IF(D2>=55,"Acceptable",IF(D2>=35,"Weak","Critic")))) -> Weak
A3: 2 | B3: =COUNTIF('Calculations QWEN'!$B:$B, A3) -> 4 | C3: =SUMIF('Calculations QWEN'!$B:$B, A3, 'Calculations QWEN'!$I:$I) -> 41.2 | D3: =MAX(0,100-C3) -> 58.8 | E3: =IF(D3>=90,"Excellent",IF(D3>=75,"Good",IF(D3>=55,"Acceptable",IF(D3>=35,"Weak","Critic")))) -> Acceptable
A4: 3 | B4: =COUNTIF('Calculations QWEN'!$B:$B, A4) -> 2 | C4: =SUMIF('Calculations QWEN'!$B:$B, A4, 'Calculations QWEN'!$I:$I) -> 31 | D4: =MAX(0,100-C4) -> 69 | E4: =IF(D4>=90,"Excellent",IF(D4>=75,"Good",IF(D4>=55,"Acceptable",IF(D4>=35,"Weak","Critic")))) -> Acceptable
A5: 4 | B5: =COUNTIF('Calculations QWEN'!$B:$B, A5) -> 7 | C5: =SUMIF('Calculations QWEN'!$B:$B, A5, 'Calculations QWEN'!$I:$I) -> 54.68 | D5: =MAX(0,100-C5) -> 45.32 | E5: =IF(D5>=90,"Excellent",IF(D5>=75,"Good",IF(D5>=55,"Acceptable",IF(D5>=35,"Weak","Critic")))) -> Weak
A6: 5 | B6: =COUNTIF('Calculations QWEN'!$B:$B, A6) -> 3 | C6: =SUMIF('Calculations QWEN'!$B:$B, A6, 'Calculations QWEN'!$I:$I) -> 50.2 | D6: =MAX(0,100-C6) -> 49.8 | E6: =IF(D6>=90,"Excellent",IF(D6>=75,"Good",IF(D6>=55,"Acceptable",IF(D6>=35,"Weak","Critic")))) -> Weak
A7: 6 | B7: =COUNTIF('Calculations QWEN'!$B:$B, A7) -> 5 | C7: =SUMIF('Calculations QWEN'!$B:$B, A7, 'Calculations QWEN'!$I:$I) -> 16.1584 | D7: =MAX(0,100-C7) -> 83.8416 | E7: =IF(D7>=90,"Excellent",IF(D7>=75,"Good",IF(D7>=55,"Acceptable",IF(D7>=35,"Weak","Critic")))) -> Good
A8: 7 | B8: =COUNTIF('Calculations QWEN'!$B:$B, A8) -> 2 | C8: =SUMIF('Calculations QWEN'!$B:$B, A8, 'Calculations QWEN'!$I:$I) -> 5.4 | D8: =MAX(0,100-C8) -> 94.6 | E8: =IF(D8>=90,"Excellent",IF(D8>=75,"Good",IF(D8>=55,"Acceptable",IF(D8>=35,"Weak","Critic")))) -> Excellent
A9: 8 | B9: =COUNTIF('Calculations QWEN'!$B:$B, A9) -> 4 | C9: =SUMIF('Calculations QWEN'!$B:$B, A9, 'Calculations QWEN'!$I:$I) -> 46.4 | D9: =MAX(0,100-C9) -> 53.6 | E9: =IF(D9>=90,"Excellent",IF(D9>=75,"Good",IF(D9>=55,"Acceptable",IF(D9>=35,"Weak","Critic")))) -> Weak
A10: 9 | B10: =COUNTIF('Calculations QWEN'!$B:$B, A10) -> 12 | C10: =SUMIF('Calculations QWEN'!$B:$B, A10, 'Calculations QWEN'!$I:$I) -> 52.826183 | D10: =MAX(0,100-C10) -> 47.173817 | E10: =IF(D10>=90,"Excellent",IF(D10>=75,"Good",IF(D10>=55,"Acceptable",IF(D10>=35,"Weak","Critic")))) -> Weak
A11: 10 | B11: =COUNTIF('Calculations QWEN'!$B:$B, A11) -> 4 | C11: =SUMIF('Calculations QWEN'!$B:$B, A11, 'Calculations QWEN'!$I:$I) -> 27.18 | D11: =MAX(0,100-C11) -> 72.82 | E11: =IF(D11>=90,"Excellent",IF(D11>=75,"Good",IF(D11>=55,"Acceptable",IF(D11>=35,"Weak","Critic")))) -> Acceptable
A12: 11 | B12: =COUNTIF('Calculations QWEN'!$B:$B, A12) -> 4 | C12: =SUMIF('Calculations QWEN'!$B:$B, A12, 'Calculations QWEN'!$I:$I) -> 14.512 | D12: =MAX(0,100-C12) -> 85.488 | E12: =IF(D12>=90,"Excellent",IF(D12>=75,"Good",IF(D12>=55,"Acceptable",IF(D12>=35,"Weak","Critic")))) -> Good
A13: 12 | B13: =COUNTIF('Calculations QWEN'!$B:$B, A13) -> 7 | C13: =SUMIF('Calculations QWEN'!$B:$B, A13, 'Calculations QWEN'!$I:$I) -> 30.32834 | D13: =MAX(0,100-C13) -> 69.67166 | E13: =IF(D13>=90,"Excellent",IF(D13>=75,"Good",IF(D13>=55,"Acceptable",IF(D13>=35,"Weak","Critic")))) -> Acceptable
... A21: 20 | B21: =COUNTIF('Calculations QWEN'!$B:$B, A21) -> 8 | C21: =SUMIF('Calculations QWEN'!$B:$B, A21, 'Calculations QWEN'!$I:$I) -> 65.3062 | D21: =MAX(0,100-C21) -> 34.6938 | E21: =IF(D21>=90,"Excellent",IF(D21>=75,"Good",IF(D21>=55,"Acceptable",IF(D21>=35,"Weak","Critic")))) -> Critic
A22: MODEL SCORE | C22: =ROUND(AVERAGE(C2:C21),2) -> 37.54 | D22: =ROUND(AVERAGE(D2:D21),2) -> 62.46 | E22: =IF(D22>=90,"Excellent",IF(D22>=75,"Good",IF(D22>=55,"Acceptable",IF(D22>=35,"Weak","Critic")))) -> Acceptable

Sheet Data GEMINI
A1: model | B1: puzzle_id | C1: fen | D1: move | E1: original_claim | F1: hallucination_type | G1: fixed_claim | H1: potential_impact
A2: Gemini 3.1 Pro | B2: 1 | C2: 3rk2r/pp3p1p/1q2p1pb/3p4/3Q4/P1N1PB1P/1PP3P1/1R1R2K1 b k - 0 1 | D2: 2... Qxe3 | E2: Not only do you cleanly win the White Queen for a Bishop and a pawn | F2: material | G2: You win the white queen and a pawn for a bishop | H2: minor
A3: Gemini 3.1 Pro | B3: 2 | C3: r2k3r/pp1b1p2/4p1pn/q2pP3/1b5p/1PNB1Q1P/PBP2P2/2KR2R1 w - - 0 20 | D3: 1...exd5 | E3: Black accepts the sacrifice. Refusing it would mean losing a central pawn for nothing | F3: reasoning | G3: He could also accept the sacrifice by capturing with the Queen | H3: medium
A4: Gemini 3.1 Pro | B4: 2 | D4: Kxd7 | E4: White is left with a material advantage | F4: material | G4: White is down a pawn | H4: minor
A5: Gemini 3.1 Pro | B5: 3 | C5: 5k2/2nr1pp1/pb5p/1p2PP2/4N1R1/P3P2P/1B2K1P1/8 w - - 0 1 | E5: if we just play 1. e6 immediately, Black can simply move their Rook | F5: reasoning | G5: Black would simply capture 1...fxe6 | H5: minor
A6: Gemini 3.1 Pro | B6: 3 | E6: Black can simply move their Rook because there is no forcing check (the g7 pawn blocks the King from the Bishop's line of sight) | F6: reasoning | G6: There is no check because the king is noton the a8-h8 diagonal, not because of the g7 pawn | H6: minor
A7: Gemini 3.1 Pro | B7: 3 | D7: 1. Rxg7 | E7: A brilliant decoy and clearance sacrifice! | F7: reasoning | G7: this is classical decoy/attraction, but not clearance. "Clearance comes in two forms, the first is where a player moves one of their own pieces to clear a square for another of their pieces. The second form of clearance occurs when one player forces a piece away from a diagonal, rank or file (often using a sacrifice) to make way for another piece to utilise or attack the cleared path." | H7: minor
A8: Gemini 3.1 Pro | B8: 3 | D8: 1. Rxg7 | E8: forcibly pulling the Black King onto the targeted square. | F8: move_legality | G8: king is not forced to capture | H8: medium
A9: Gemini 3.1 Pro | B9: 3 | D9: 3.exd7 | E9: Materially, we are up a pawn. | F9: material | G9: we are up 2 pawns | H9: medium
A10: Gemini 3.1 Pro | B10: 4 | C10: r2nkb1r/3b1ppp/4pn2/1B2p3/8/4BN2/PPP2PPP/2KR3R w kq - 0 1 | D10: 2...Nxd7 | E10: Black is forced to recapture. | F10: move_legality | G10: not forced | H10: minor
A11: Gemini 3.1 Pro | B11: 5 | C11: 8/1p6/4N1pk/5n2/P7/1P3R2/2r4P/7K b - - 0 1 | E11: Material is completely equal: both sides have a Rook, a Knight, and a few pawns | F11: material | G11: white is up a pawn in the initial position | H11: medium
A12: Gemini 3.1 Pro | B12: 5 | D12: 2.Kg2 | E12: Look at the new placement of the White King on g2 and the undefended Rook on f3 | F12: piece_relations | G12: rook on f3 is no longer undefended | H12: medium
A13: Gemini 3.1 Pro | B13: 5 | D13: 4.Kxf3 | E13: Black is now up a full Exchange in the endgame (Rook against Knight) | F13: material | G13: rook vs knigh + pawn | H13: medium
A14: Gemini 3.1 Pro | B14: 7 | C14: 5rk1/3r1p1p/pq4p1/2R1Q3/1p2P2P/3P4/PP1K2P1/5R2 b - - 0 1 | D14: 1...f6 | E14: This means the White Queen is an "overworked" or "tied-down" piece. | F14: reasoning | G14: "overworked" (or overloaded) piecehas 2 jobs at once, not the case here | H14: minor
A15: Gemini 3.1 Pro | B15: 8 | C15: 5r2/1rp2pkp/3qbp2/8/1b6/1Q2N1P1/PP2PP1P/2RR2K1 w - - 0 1 | E15: If White thoughtlessly grabs the Queen with 1. Rxd6?, Black responds with 1... Bxb3. That mutual exchange leaves White down a whole Bishop | F15: material | G15: that exchange would leave white down a bishop for 2 pawns | H15: medium
A16: Gemini 3.1 Pro | B16: 8 | D16: 1.Nf5 | E16: two vital tactical patterns at once: a Royal Fork and a Deflection. | F16: reasoning | G16: not deflection | H16: minor
A17: Gemini 3.1 Pro | B17: 8 | D17: 1.Nf5 | E17: 1.Td6-Nb3 2.axb3??-cxd6 The result of the direct capture. White has traded Queens but remains a full piece down, | F17: reasoning | G17: incorrect variation + wrong material evaluation | H17: minor
A18: Gemini 3.1 Pro | B18: 8 | D18: 1...Bxf5 | E18: Black plays the most natural and strictly forced reply, | F18: move_legality | G18: not forced | H18: minor
A19: Gemini 3.1 Pro | B19: 8 | D19: 1...Bxf5 | E19: By capturing the Knight, the Black Bishop has been DEFLECTED away from the critical e6 square | F19: reasoning | G19: not deflection | H19: minor
A20: Gemini 3.1 Pro | B20: 8 | D20: 2.Rxd6 | E20: winning a Queen for a Knight | F20: move_legality | G20: wins queen for knight + rook! | H20: major
A21: Gemini 3.1 Pro | B21: 8 | D21: 2.Rxd6 | E21: By forcing Black to capture your knight, you purposefully deflected their bishop away | F21: reasoning | G21: it was not forced and it was not deflection | H21: medium
A22: Gemini 3.1 Pro | B22: 9 | C22: r3rb1k/2qn2pp/2p2p2/ppn1p2b/4P3/1PB1NPPB/P1P3QP/3RNR1K w - - 0 1 | D22: 1...Nxd7 | E22: If Black were to play 1... Qxd7, they would fall into an immediate pin | F22: reasoning | G22: no pin | H22: minor
A23: Gemini 3.1 Pro | B23: 9 | D23: 2.Qh3 | E23: It introduces a second attacker on the pinned Knight on d7 | F23: piece_relations | G23: nobody pins the knight | H23: major
A24: Gemini 3.1 Pro | B24: 9 | D24: 2...Rd8 | E24: Therefore, Black is forced to bring the Rook over to defend d7 a second time. | F24: reasoning | G24: not forced, just has no better choice | H24: minor
A25: Gemini 3.1 Pro | B25: 9 | D25: 3.Qxh5 | E25: You capture the free piece, netting a clean Bishop advantage. | F25: material | G25: you are up a knight in the final position | H25: minor
A26: Gemini 3.1 Pro | B26: 10 | C26: r2r2k1/5pp1/pp6/2b1R3/3N4/2P2P1P/1PR3P1/6K1 b - - 0 1 | D26: 1...Rxd4 | E26: Both the king on g1 and the rook on e5 sit on light squares | F26: geometry | G26: g1 and e5 are dark square | H26: major
A27: Gemini 3.1 Pro | B27: 10 | D27: 2.cxd4 | E27: White is forced to recapture the rook with the pawn. | F27: move_legality | G27: not forced | H27: minor
A28: Gemini 3.1 Pro | B28: 10 | D28: 2.cxd4 | E28: By forcing the c3 pawn to move to d4, it no longer blocks the long diagonal | F28: geometry | G28: pawn on c3 was not blocking the long diagonal | H28: major
A29: Gemini 3.1 Pro | B29: 10 | D29: 2...Bxd4 | E29: An elegant Royal Fork! | F29: reasoning | G29: royal fork attacks king & queen | H29: medium
A30: Gemini 3.1 Pro | B30: 10 | D30: 2...Bxd4 | E30: we lured it into opening up this magnificent outpost | F30: reasoning | G30: d4 is not an outpost + The c3 pawn didn't "open up" the d4 square | H30: major
A31: Gemini 3.1 Pro | B31: 11 | C31: r1bqk1nr/ppp2ppp/8/n1bPp3/2B5/2P2N2/PP1P1PPP/RNBQK2R w KQkq - 0 1 | D31: 1.Qa4 | E31: Black must resolve the check, which means they have absolutely no time to rescue the completely exposed Knight on a5 | F31: reasoning | G31: black could block with 1...c6 which also protects the knight | H31: minor
A32: Gemini 3.1 Pro | B32: 12 | C32: r2r4/1pQ1q1k1/1n3pp1/pN6/b2pP3/3P1RPp/1P2B2P/5RK1 b - - 0 1 | D32: 1...Rd7 | E32: a deeper look reveals it is dangerously short on safe flight squares | F32: reasoning | G32: not true | H32: medium
A33: Gemini 3.1 Pro | B33: 12 | D33: 2.Qxb6 | E33: White takes the bait. Objectively, retreating the Queen would surrender the initiative, making grabbing the piece the most natural reaction. | F33: reasoning | G33: In fact, the correct claim was that retreating leads to the loss of the knight | H33: minor
A34: Gemini 3.1 Pro | B34: 13 | C34: 1r3k2/3r1p2/3N2pb/3PQ3/P3P2p/1PR4P/3q2PK/8 w - - 0 1 | D34: 1...Rxc8 | E34: Forced. If Black tries to run with 1... Ke7, White delivers a stunning mate with 2. Qe8+ Kxd6 3. Rc6# | F34: move_legality | G34: 1...Ke7 is not legal | H34: medium
A35: Gemini 3.1 Pro | B35: 13 | D35: 2.Qh8 | E35: Notice how our Knight on d6 is perfectly cutting off the e8 and f7 flight squares | F35: piece_relations | G35: there is a black pawn on f7, it could not be a flight square | H35: minor
A36: Gemini 3.1 Pro | B36: 14 | C36: r4k1r/1ppq1ppp/1p2P3/n3PbQ1/1bP5/2N2N1P/PP4P1/2KR1B1R b - - 0 1 | E36: your Queen on d7 has a clear line of sight down the half-open d-file, controlling the d2 flight square. | F36: geometry | G36: d-file is open | H36: medium
A37: Gemini 3.1 Pro | B37: 15 | C37: 3qrrk1/pp1b1pbp/2n1p1p1/3p2NP/3P4/2PB2P1/PP1N1PK1/R2Q3R w - - 0 1 | D37: hxg6 | E37: This is essentially a discovered check from the h1 Rook. | F37: reasoning | G37: double check | H37: minor
A38: Gemini 3.1 Pro | B38: 15 | D38: Kg8 | E38: The King steps out of the check, but now sits helplessly on the newly opened h-file. | F38: piece_placement | G38: king is on g-file | H38: major
A39: Gemini 3.1 Pro | B39: 15 | D39: Qh5 | E39: The threat is an immediate Qh7# or Qh8# | F39: reasoning | G39: Qh8 is not mate threath | H39: medium
A40: Gemini 3.1 Pro | B40: 15 | D40: Qxg6 | E40: White recaptures, maintaining control over the dark squares around the King | F40: piece_relations | G40: maintains control over the light squares | H40: minor
A41: Gemini 3.1 Pro | B41: 15 | D41: Qxg6 | E41: renews the threat of mating on h7. | F41: reasoning | G41: Qh7 is not mate anymore | H41: medium
A42: Gemini 3.1 Pro | B42: 16 | C42: 4r1k1/p4Rbp/1p1q2r1/2pN4/2P3n1/3nP1P1/PB4Q1/3N1RK1 w - - 0 1 | E42: If our queen could reach a8, it would be a devastating check. However, our own knight on d5 is blocking the path. | F42: reasoning | G42: knight is blocking + there is a rook on e8, so it would not be check | H42: minor
A43: Gemini 3.1 Pro | B43: 16 | D43: 1.Ne7 | E43: Furthermore, because this is a forcing check, it dictates Black's response. | F43: reasoning | G43: black is not forced to capture | H43: minor
A44: Gemini 3.1 Pro | B44: 16 | D44: 2.Qa8 | E44: Even if Black attempted to block with the queen via 2... Qf8, White would have an immediate mate with 3. Rxf8# | F44: move_legality | G44: Qf8 not possible | H44: major
A45: Gemini 3.1 Pro | B45: 16 | D45: 3.Qe8 | E45: Checkmate! | F45: reasoning | G45: not checkmate | H45: major
A46: Gemini 3.1 Pro | B46: 18 | C46: 8/8/5p2/5k1p/2rBR2p/P4KbP/6P1/8 b - - 0 1 | D46: 1...Ra4 | E46: If the Bishop moves (e.g., 2. Bc3), the c4-e4 horizontal file is unblocked, and since the e4 Rook is now attacked twice, we win the exchange with 2... Rxe4+. | F46: material | G46: win a full rook | H46: medium
A47: Gemini 3.1 Pro | B47: 19 | C47: 8/4np2/1r2p1k1/p2pK2p/P4P1P/1P4P1/2PB4/4R3 b - - 0 1 | D47: 1...Nf5 | E47: Although the Knight left e7 (which previously guarded d6), | F47: piece_relations | G47: knight was not protecting d6 | H47: minor
A48: Gemini 3.1 Pro | B48: 20 | C48: 2k5/2p2q1p/p6P/1p1bQ3/1P1P1BPK/P7/8/8 w - - 0 1 | D48: 2...Bf3 | E48: threatening moves like Qh5# | F48: reasoning | G48: qh5 is not mate | H48: minor
A49: Gemini 3.1 Pro | B49: 20 | D49: Qxc7 | E49: This brilliant Queen sacrifice utilizes a tactical pattern called 'deflection'. | F49: reasoning | G49: it is not a queen sacrifice, and the motif is simplification, not deflectino | H49: medium

Sheet Calculations GEMINI
A1: Row Idx | B1: Puzzle ID | C1: Hallucination Type | D1: Impact (cleaned) | E1: W_c (weight) | F1: M_s (×severity) | G1: k (rank in group) | H1: δ^(k-1) (decay) | I1: P (penalty)
A2: 1 | B2: ='Data GEMINI'!B2 -> 1 | C2: ='Data GEMINI'!F2 -> material | D2: =LOWER(TRIM('Data GEMINI'!H2)) -> minor | E2: =IF(ISNUMBER(SEARCH("move_legality",C2)),Parameters!$B$4,IF(ISNUMBER(SEARCH("piece_placement",C2)),Parameters!$B$5,IF(ISNUMBER(SEARCH("material",C2)),Parameters!$B$6,IF(ISNUMBER(SEARCH("piece_relations",C2)),Parameters!$B$7,IF(ISNUMBER(SEARCH("geometry",C2)),Parameters!$B$8,IF(ISNUMBER(SEARCH("reasoning",C2)),Parameters!$B$9,Parameters!$B$10)))))) -> 5 | F2: =IF(D2="major",Parameters!$B$14,IF(D2="medium",Parameters!$B$15,Parameters!$B$16)) -> 1 | G2: =COUNTIFS($B$2:$B$12,B2,$C$2:$C$12,C2,$F$2:$F$12,">"&F2)+COUNTIFS($B$2:$B$12,B2,$C$2:$C$12,C2,$F$2:$F$12,F2,$A$2:$A$12,"<="&A2) -> 1 | H2: =Parameters!$B$20^(G2-1) -> 1 | I2: =E2*F2*H2 -> 5
A3: 2 | B3: ='Data GEMINI'!B3 -> 2 | C3: ='Data GEMINI'!F3 -> reasoning | D3: =LOWER(TRIM('Data GEMINI'!H3)) -> medium | E3: =IF(ISNUMBER(SEARCH("move_legality",C3)),Parameters!$B$4,IF(ISNUMBER(SEARCH("piece_placement",C3)),Parameters!$B$5,IF(ISNUMBER(SEARCH("material",C3)),Parameters!$B$6,IF(ISNUMBER(SEARCH("piece_relations",C3)),Parameters!$B$7,IF(ISNUMBER(SEARCH("geometry",C3)),Parameters!$B$8,IF(ISNUMBER(SEARCH("reasoning",C3)),Parameters!$B$9,Parameters!$B$10)))))) -> 2 | F3: =IF(D3="major",Parameters!$B$14,IF(D3="medium",Parameters!$B$15,Parameters!$B$16)) -> 2 | G3: =COUNTIFS($B$2:$B$12,B3,$C$2:$C$12,C3,$F$2:$F$12,">"&F3)+COUNTIFS($B$2:$B$12,B3,$C$2:$C$12,C3,$F$2:$F$12,F3,$A$2:$A$12,"<="&A3) -> 1 | H3: =Parameters!$B$20^(G3-1) -> 1 | I3: =E3*F3*H3 -> 4
A4: 3 | B4: ='Data GEMINI'!B4 -> 2 | C4: ='Data GEMINI'!F4 -> material | D4: =LOWER(TRIM('Data GEMINI'!H4)) -> minor | E4: =IF(ISNUMBER(SEARCH("move_legality",C4)),Parameters!$B$4,IF(ISNUMBER(SEARCH("piece_placement",C4)),Parameters!$B$5,IF(ISNUMBER(SEARCH("material",C4)),Parameters!$B$6,IF(ISNUMBER(SEARCH("piece_relations",C4)),Parameters!$B$7,IF(ISNUMBER(SEARCH("geometry",C4)),Parameters!$B$8,IF(ISNUMBER(SEARCH("reasoning",C4)),Parameters!$B$9,Parameters!$B$10)))))) -> 5 | F4: =IF(D4="major",Parameters!$B$14,IF(D4="medium",Parameters!$B$15,Parameters!$B$16)) -> 1 | G4: =COUNTIFS($B$2:$B$12,B4,$C$2:$C$12,C4,$F$2:$F$12,">"&F4)+COUNTIFS($B$2:$B$12,B4,$C$2:$C$12,C4,$F$2:$F$12,F4,$A$2:$A$12,"<="&A4) -> 1 | H4: =Parameters!$B$20^(G4-1) -> 1 | I4: =E4*F4*H4 -> 5
A5: 4 | B5: ='Data GEMINI'!B5 -> 3 | C5: ='Data GEMINI'!F5 -> reasoning | D5: =LOWER(TRIM('Data GEMINI'!H5)) -> minor | E5: =IF(ISNUMBER(SEARCH("move_legality",C5)),Parameters!$B$4,IF(ISNUMBER(SEARCH("piece_placement",C5)),Parameters!$B$5,IF(ISNUMBER(SEARCH("material",C5)),Parameters!$B$6,IF(ISNUMBER(SEARCH("piece_relations",C5)),Parameters!$B$7,IF(ISNUMBER(SEARCH("geometry",C5)),Parameters!$B$8,IF(ISNUMBER(SEARCH("reasoning",C5)),Parameters!$B$9,Parameters!$B$10)))))) -> 2 | F5: =IF(D5="major",Parameters!$B$14,IF(D5="medium",Parameters!$B$15,Parameters!$B$16)) -> 1 | G5: =COUNTIFS($B$2:$B$12,B5,$C$2:$C$12,C5,$F$2:$F$12,">"&F5)+COUNTIFS($B$2:$B$12,B5,$C$2:$C$12,C5,$F$2:$F$12,F5,$A$2:$A$12,"<="&A5) -> 1 | H5: =Parameters!$B$20^(G5-1) -> 1 | I5: =E5*F5*H5 -> 2
A6: 5 | B6: ='Data GEMINI'!B6 -> 3 | C6: ='Data GEMINI'!F6 -> reasoning | D6: =LOWER(TRIM('Data GEMINI'!H6)) -> minor | E6: =IF(ISNUMBER(SEARCH("move_legality",C6)),Parameters!$B$4,IF(ISNUMBER(SEARCH("piece_placement",C6)),Parameters!$B$5,IF(ISNUMBER(SEARCH("material",C6)),Parameters!$B$6,IF(ISNUMBER(SEARCH("piece_relations",C6)),Parameters!$B$7,IF(ISNUMBER(SEARCH("geometry",C6)),Parameters!$B$8,IF(ISNUMBER(SEARCH("reasoning",C6)),Parameters!$B$9,Parameters!$B$10)))))) -> 2 | F6: =IF(D6="major",Parameters!$B$14,IF(D6="medium",Parameters!$B$15,Parameters!$B$16)) -> 1 | G6: =COUNTIFS($B$2:$B$12,B6,$C$2:$C$12,C6,$F$2:$F$12,">"&F6)+COUNTIFS($B$2:$B$12,B6,$C$2:$C$12,C6,$F$2:$F$12,F6,$A$2:$A$12,"<="&A6) -> 2 | H6: =Parameters!$B$20^(G6-1) -> 0.7 | I6: =E6*F6*H6 -> 1.4
A7: 6 | B7: ='Data GEMINI'!B7 -> 3 | C7: ='Data GEMINI'!F7 -> reasoning | D7: =LOWER(TRIM('Data GEMINI'!H7)) -> minor | E7: =IF(ISNUMBER(SEARCH("move_legality",C7)),Parameters!$B$4,IF(ISNUMBER(SEARCH("piece_placement",C7)),Parameters!$B$5,IF(ISNUMBER(SEARCH("material",C7)),Parameters!$B$6,IF(ISNUMBER(SEARCH("piece_relations",C7)),Parameters!$B$7,IF(ISNUMBER(SEARCH("geometry",C7)),Parameters!$B$8,IF(ISNUMBER(SEARCH("reasoning",C7)),Parameters!$B$9,Parameters!$B$10)))))) -> 2 | F7: =IF(D7="major",Parameters!$B$14,IF(D7="medium",Parameters!$B$15,Parameters!$B$16)) -> 1 | G7: =COUNTIFS($B$2:$B$12,B7,$C$2:$C$12,C7,$F$2:$F$12,">"&F7)+COUNTIFS($B$2:$B$12,B7,$C$2:$C$12,C7,$F$2:$F$12,F7,$A$2:$A$12,"<="&A7) -> 3 | H7: =Parameters!$B$20^(G7-1) -> 0.49 | I7: =E7*F7*H7 -> 0.98
A8: 7 | B8: ='Data GEMINI'!B8 -> 3 | C8: ='Data GEMINI'!F8 -> move_legality | D8: =LOWER(TRIM('Data GEMINI'!H8)) -> medium | E8: =IF(ISNUMBER(SEARCH("move_legality",C8)),Parameters!$B$4,IF(ISNUMBER(SEARCH("piece_placement",C8)),Parameters!$B$5,IF(ISNUMBER(SEARCH("material",C8)),Parameters!$B$6,IF(ISNUMBER(SEARCH("piece_relations",C8)),Parameters!$B$7,IF(ISNUMBER(SEARCH("geometry",C8)),Parameters!$B$8,IF(ISNUMBER(SEARCH("reasoning",C8)),Parameters!$B$9,Parameters!$B$10)))))) -> 8 | F8: =IF(D8="major",Parameters!$B$14,IF(D8="medium",Parameters!$B$15,Parameters!$B$16)) -> 2 | G8: =COUNTIFS($B$2:$B$12,B8,$C$2:$C$12,C8,$F$2:$F$12,">"&F8)+COUNTIFS($B$2:$B$12,B8,$C$2:$C$12,C8,$F$2:$F$12,F8,$A$2:$A$12,"<="&A8) -> 1 | H8: =Parameters!$B$20^(G8-1) -> 1 | I8: =E8*F8*H8 -> 16
A9: 8 | B9: ='Data GEMINI'!B9 -> 3 | C9: ='Data GEMINI'!F9 -> material | D9: =LOWER(TRIM('Data GEMINI'!H9)) -> medium | E9: =IF(ISNUMBER(SEARCH("move_legality",C9)),Parameters!$B$4,IF(ISNUMBER(SEARCH("piece_placement",C9)),Parameters!$B$5,IF(ISNUMBER(SEARCH("material",C9)),Parameters!$B$6,IF(ISNUMBER(SEARCH("piece_relations",C9)),Parameters!$B$7,IF(ISNUMBER(SEARCH("geometry",C9)),Parameters!$B$8,IF(ISNUMBER(SEARCH("reasoning",C9)),Parameters!$B$9,Parameters!$B$10)))))) -> 5 | F9: =IF(D9="major",Parameters!$B$14,IF(D9="medium",Parameters!$B$15,Parameters!$B$16)) -> 2 | G9: =COUNTIFS($B$2:$B$12,B9,$C$2:$C$12,C9,$F$2:$F$12,">"&F9)+COUNTIFS($B$2:$B$12,B9,$C$2:$C$12,C9,$F$2:$F$12,F9,$A$2:$A$12,"<="&A9) -> 1 | H9: =Parameters!$B$20^(G9-1) -> 1 | I9: =E9*F9*H9 -> 10
A10: 9 | B10: ='Data GEMINI'!B10 -> 4 | C10: ='Data GEMINI'!F10 -> move_legality | D10: =LOWER(TRIM('Data GEMINI'!H10)) -> minor | E10: =IF(ISNUMBER(SEARCH("move_legality",C10)),Parameters!$B$4,IF(ISNUMBER(SEARCH("piece_placement",C10)),Parameters!$B$5,IF(ISNUMBER(SEARCH("material",C10)),Parameters!$B$6,IF(ISNUMBER(SEARCH("piece_relations",C10)),Parameters!$B$7,IF(ISNUMBER(SEARCH("geometry",C10)),Parameters!$B$8,IF(ISNUMBER(SEARCH("reasoning",C10)),Parameters!$B$9,Parameters!$B$10)))))) -> 8 | F10: =IF(D10="major",Parameters!$B$14,IF(D10="medium",Parameters!$B$15,Parameters!$B$16)) -> 1 | G10: =COUNTIFS($B$2:$B$12,B10,$C$2:$C$12,C10,$F$2:$F$12,">"&F10)+COUNTIFS($B$2:$B$12,B10,$C$2:$C$12,C10,$F$2:$F$12,F10,$A$2:$A$12,"<="&A10) -> 1 | H10: =Parameters!$B$20^(G10-1) -> 1 | I10: =E10*F10*H10 -> 8
A11: 10 | B11: ='Data GEMINI'!B11 -> 5 | C11: ='Data GEMINI'!F11 -> material | D11: =LOWER(TRIM('Data GEMINI'!H11)) -> medium | E11: =IF(ISNUMBER(SEARCH("move_legality",C11)),Parameters!$B$4,IF(ISNUMBER(SEARCH("piece_placement",C11)),Parameters!$B$5,IF(ISNUMBER(SEARCH("material",C11)),Parameters!$B$6,IF(ISNUMBER(SEARCH("piece_relations",C11)),Parameters!$B$7,IF(ISNUMBER(SEARCH("geometry",C11)),Parameters!$B$8,IF(ISNUMBER(SEARCH("reasoning",C11)),Parameters!$B$9,Parameters!$B$10)))))) -> 5 | F11: =IF(D11="major",Parameters!$B$14,IF(D11="medium",Parameters!$B$15,Parameters!$B$16)) -> 2 | G11: =COUNTIFS($B$2:$B$12,B11,$C$2:$C$12,C11,$F$2:$F$12,">"&F11)+COUNTIFS($B$2:$B$12,B11,$C$2:$C$12,C11,$F$2:$F$12,F11,$A$2:$A$12,"<="&A11) -> 1 | H11: =Parameters!$B$20^(G11-1) -> 1 | I11: =E11*F11*H11 -> 10
A12: 11 | B12: ='Data GEMINI'!B12 -> 5 | C12: ='Data GEMINI'!F12 -> piece_relations | D12: =LOWER(TRIM('Data GEMINI'!H12)) -> medium | E12: =IF(ISNUMBER(SEARCH("move_legality",C12)),Parameters!$B$4,IF(ISNUMBER(SEARCH("piece_placement",C12)),Parameters!$B$5,IF(ISNUMBER(SEARCH("material",C12)),Parameters!$B$6,IF(ISNUMBER(SEARCH("piece_relations",C12)),Parameters!$B$7,IF(ISNUMBER(SEARCH("geometry",C12)),Parameters!$B$8,IF(ISNUMBER(SEARCH("reasoning",C12)),Parameters!$B$9,Parameters!$B$10)))))) -> 4 | F12: =IF(D12="major",Parameters!$B$14,IF(D12="medium",Parameters!$B$15,Parameters!$B$16)) -> 2 | G12: =COUNTIFS($B$2:$B$12,B12,$C$2:$C$12,C12,$F$2:$F$12,">"&F12)+COUNTIFS($B$2:$B$12,B12,$C$2:$C$12,C12,$F$2:$F$12,F12,$A$2:$A$12,"<="&A12) -> 1 | H12: =Parameters!$B$20^(G12-1) -> 1 | I12: =E12*F12*H12 -> 8
A13: 12 | B13: ='Data GEMINI'!B13 -> 5 | C13: ='Data GEMINI'!F13 -> material | D13: =LOWER(TRIM('Data GEMINI'!H13)) -> medium | E13: =IF(ISNUMBER(SEARCH("move_legality",C13)),Parameters!$B$4,IF(ISNUMBER(SEARCH("piece_placement",C13)),Parameters!$B$5,IF(ISNUMBER(SEARCH("material",C13)),Parameters!$B$6,IF(ISNUMBER(SEARCH("piece_relations",C13)),Parameters!$B$7,IF(ISNUMBER(SEARCH("geometry",C13)),Parameters!$B$8,IF(ISNUMBER(SEARCH("reasoning",C13)),Parameters!$B$9,Parameters!$B$10)))))) -> 5 | F13: =IF(D13="major",Parameters!$B$14,IF(D13="medium",Parameters!$B$15,Parameters!$B$16)) -> 2 | G13: =COUNTIFS($B$2:$B$12,B13,$C$2:$C$12,C13,$F$2:$F$12,">"&F13)+COUNTIFS($B$2:$B$12,B13,$C$2:$C$12,C13,$F$2:$F$12,F13,$A$2:$A$12,"<="&A13) -> 1 | H13: =Parameters!$B$20^(G13-1) -> 1 | I13: =E13*F13*H13 -> 10
... A49: 48 | B49: ='Data GEMINI'!B49 -> 20 | C49: ='Data GEMINI'!F49 -> reasoning | D49: =LOWER(TRIM('Data GEMINI'!H49)) -> medium | E49: =IF(ISNUMBER(SEARCH("move_legality",C49)),Parameters!$B$4,IF(ISNUMBER(SEARCH("piece_placement",C49)),Parameters!$B$5,IF(ISNUMBER(SEARCH("material",C49)),Parameters!$B$6,IF(ISNUMBER(SEARCH("piece_relations",C49)),Parameters!$B$7,IF(ISNUMBER(SEARCH("geometry",C49)),Parameters!$B$8,IF(ISNUMBER(SEARCH("reasoning",C49)),Parameters!$B$9,Parameters!$B$10)))))) -> 2 | F49: =IF(D49="major",Parameters!$B$14,IF(D49="medium",Parameters!$B$15,Parameters!$B$16)) -> 2 | G49: =COUNTIFS($B$2:$B$12,B49,$C$2:$C$12,C49,$F$2:$F$12,">"&F49)+COUNTIFS($B$2:$B$12,B49,$C$2:$C$12,C49,$F$2:$F$12,F49,$A$2:$A$12,"<="&A49) -> 0 | H49: =Parameters!$B$20^(G49-1) -> 1.4285714 | I49: =E49*F49*H49 -> 5.7142857

Sheet Puzzle Scores GEMINI
A1: Puzzle ID | B1: Hallucinations (count) | C1: P_total (sum of penalties) | D1: Score_p = MAX(0, 100−P_total) | E1: Interpretation
A2: 1 | B2: =COUNTIF('Calculations GEMINI'!$B:$B, A2) -> 1 | C2: =SUMIF('Calculations GEMINI'!$B:$B, A2, 'Calculations GEMINI'!$I:$I) -> 5 | D2: =MAX(0,100-C2) -> 95 | E2: =IF(D2>=90,"Excellent",IF(D2>=75,"Good",IF(D2>=55,"Acceptable",IF(D2>=35,"Weak","Critic")))) -> Excellent
A3: 2 | B3: =COUNTIF('Calculations GEMINI'!$B:$B, A3) -> 2 | C3: =SUMIF('Calculations GEMINI'!$B:$B, A3, 'Calculations GEMINI'!$I:$I) -> 9 | D3: =MAX(0,100-C3) -> 91 | E3: =IF(D3>=90,"Excellent",IF(D3>=75,"Good",IF(D3>=55,"Acceptable",IF(D3>=35,"Weak","Critic")))) -> Excellent
A4: 3 | B4: =COUNTIF('Calculations GEMINI'!$B:$B, A4) -> 5 | C4: =SUMIF('Calculations GEMINI'!$B:$B, A4, 'Calculations GEMINI'!$I:$I) -> 30.38 | D4: =MAX(0,100-C4) -> 69.62 | E4: =IF(D4>=90,"Excellent",IF(D4>=75,"Good",IF(D4>=55,"Acceptable",IF(D4>=35,"Weak","Critic")))) -> Acceptable
A5: 4 | B5: =COUNTIF('Calculations GEMINI'!$B:$B, A5) -> 1 | C5: =SUMIF('Calculations GEMINI'!$B:$B, A5, 'Calculations GEMINI'!$I:$I) -> 8 | D5: =MAX(0,100-C5) -> 92 | E5: =IF(D5>=90,"Excellent",IF(D5>=75,"Good",IF(D5>=55,"Acceptable",IF(D5>=35,"Weak","Critic")))) -> Excellent
A6: 5 | B6: =COUNTIF('Calculations GEMINI'!$B:$B, A6) -> 3 | C6: =SUMIF('Calculations GEMINI'!$B:$B, A6, 'Calculations GEMINI'!$I:$I) -> 28 | D6: =MAX(0,100-C6) -> 72 | E6: =IF(D6>=90,"Excellent",IF(D6>=75,"Good",IF(D6>=55,"Acceptable",IF(D6>=35,"Weak","Critic")))) -> Acceptable
A7: 6 | B7: =COUNTIF('Calculations GEMINI'!$B:$B, A7) -> 0 | C7: =SUMIF('Calculations GEMINI'!$B:$B, A7, 'Calculations GEMINI'!$I:$I) -> 0 | D7: =MAX(0,100-C7) -> 100 | E7: =IF(D7>=90,"Excellent",IF(D7>=75,"Good",IF(D7>=55,"Acceptable",IF(D7>=35,"Weak","Critic")))) -> Excellent
A8: 7 | B8: =COUNTIF('Calculations GEMINI'!$B:$B, A8) -> 1 | C8: =SUMIF('Calculations GEMINI'!$B:$B, A8, 'Calculations GEMINI'!$I:$I) -> 2.8571429 | D8: =MAX(0,100-C8) -> 97.142857 | E8: =IF(D8>=90,"Excellent",IF(D8>=75,"Good",IF(D8>=55,"Acceptable",IF(D8>=35,"Weak","Critic")))) -> Excellent
A9: 8 | B9: =COUNTIF('Calculations GEMINI'!$B:$B, A9) -> 7 | C9: =SUMIF('Calculations GEMINI'!$B:$B, A9, 'Calculations GEMINI'!$I:$I) -> 74.285714 | D9: =MAX(0,100-C9) -> 25.714286 | E9: =IF(D9>=90,"Excellent",IF(D9>=75,"Good",IF(D9>=55,"Acceptable",IF(D9>=35,"Weak","Critic")))) -> Critic
A10: 9 | B10: =COUNTIF('Calculations GEMINI'!$B:$B, A10) -> 4 | C10: =SUMIF('Calculations GEMINI'!$B:$B, A10, 'Calculations GEMINI'!$I:$I) -> 30 | D10: =MAX(0,100-C10) -> 70 | E10: =IF(D10>=90,"Excellent",IF(D10>=75,"Good",IF(D10>=55,"Acceptable",IF(D10>=35,"Weak","Critic")))) -> Acceptable
A11: 10 | B11: =COUNTIF('Calculations GEMINI'!$B:$B, A11) -> 5 | C11: =SUMIF('Calculations GEMINI'!$B:$B, A11, 'Calculations GEMINI'!$I:$I) -> 51.428571 | D11: =MAX(0,100-C11) -> 48.571429 | E11: =IF(D11>=90,"Excellent",IF(D11>=75,"Good",IF(D11>=55,"Acceptable",IF(D11>=35,"Weak","Critic")))) -> Weak
A12: 11 | B12: =COUNTIF('Calculations GEMINI'!$B:$B, A12) -> 1 | C12: =SUMIF('Calculations GEMINI'!$B:$B, A12, 'Calculations GEMINI'!$I:$I) -> 2.8571429 | D12: =MAX(0,100-C12) -> 97.142857 | E12: =IF(D12>=90,"Excellent",IF(D12>=75,"Good",IF(D12>=55,"Acceptable",IF(D12>=35,"Weak","Critic")))) -> Excellent
A13: 12 | B13: =COUNTIF('Calculations GEMINI'!$B:$B, A13) -> 2 | C13: =SUMIF('Calculations GEMINI'!$B:$B, A13, 'Calculations GEMINI'!$I:$I) -> 8.5714286 | D13: =MAX(0,100-C13) -> 91.428571 | E13: =IF(D13>=90,"Excellent",IF(D13>=75,"Good",IF(D13>=55,"Acceptable",IF(D13>=35,"Weak","Critic")))) -> Excellent
... A21: 20 | B21: =COUNTIF('Calculations GEMINI'!$B:$B, A21) -> 2 | C21: =SUMIF('Calculations GEMINI'!$B:$B, A21, 'Calculations GEMINI'!$I:$I) -> 8.5714286 | D21: =MAX(0,100-C21) -> 91.428571 | E21: =IF(D21>=90,"Excellent",IF(D21>=75,"Good",IF(D21>=55,"Acceptable",IF(D21>=35,"Weak","Critic")))) -> Excellent
A22: MODEL SCORE | C22: =ROUND(AVERAGE(C2:C21),2) -> 20.52 | D22: =ROUND(AVERAGE(D2:D21),2) -> 79.48 | E22: =IF(D22>=90,"Excellent",IF(D22>=75,"Good",IF(D22>=55,"Acceptable",IF(D22>=35,"Weak","Critic")))) -> Good

Sheet Data GPT
A1: model | B1: puzzle_id | C1: fen | D1: move | E1: original_claim | F1: hallucination_type | G1: fixed_claim | H1: potential_impact
A2: GPT 5.4 | B2: 1 | C2: 3rk2r/pp3p1p/1q2p1pb/3p4/3Q4/P1N1PB1P/1PP3P1/1R1R2K1 b k - 0 1 | D2: 1... Be3+ | E2: A classic forcing idea | F2: other | G2: Not sure if it refers to Be3 being forced or the fact that Be3 is forcing white to lose the queen. Maybe just unclarity in explanations | H2: minor
A3: GPT 5.4 | B3: 1 | C3: 3rk2r/pp3p1p/1q2p1pb/3p4/3Q4/P1N1PB1P/1PP3P1/1R1R2K1 b k - 0 2 | D3: 1... Be3+ | E3: Black begins with a sacrifice | F3: piece_relations | G3: Be3 is capturing a pawn. There is no sacrifice here. | H3: medium
A4: GPT 5.4 | B4: 1 | C4: 3rk2r/pp3p1p/1q2p1pb/3p4/3Q4/P1N1PB1P/1PP3P1/1R1R2K1 b k - 0 3 | D4: 1... Be3+ | E4: to deflect White's queen from d4 | F4: reasoning | G4: The goal is not to deflect the queen, it's just to make a double attack on the queen and king | H4: minor
A5: GPT 5.4 | B5: 1 | C5: 3rk2r/pp3p1p/1q2p1pb/3p4/3Q4/P1N1PB1P/1PP3P1/1R1R2K1 b k - 0 4 | D5: 1... Be3+ | E5: The deeper point is that the white queen on d4 is overloaded: she helps control key squares and also stands in the line of Black's queen | F5: reasoning | G5: Overloading means when the queen is having more active roles. In this case, the geometry of the position is the weaknees, not the overloading | H5: minor
A6: GPT 5.4 | B6: 1 | C6: 3rk2r/pp3p1p/1q2p1pb/3p4/3Q4/P1N1PB1P/1PP3P1/1R1R2K1 b k - 0 5 | D6: 1... Be3+ | E6: By removing or deflecting her, Black can simplify into a winning tactical sequence. | F6: reasoning | G6: The goal is not to remove or deflect the queen for some other purpose, the goal is to capture the queen itself. | H6: medium
A7: GPT 5.4 | B7: 1 | C7: 3rk2r/pp3p1p/1q2p1pb/3p4/3Q4/P1N1PB1P/1PP3P1/1R1R2K1 b k - 0 6 | D7: 2. Qxe3 | E7: Forced. | F7: move_legality | G7: The move is not forced by any means. Indeed it's the move that provides the least damage, but not a forced move by the classic definition | H7: major
A8: GPT 5.4 | B8: 1 | C8: 3rk2r/pp3p1p/1q2p1pb/3p4/3Q4/P1N1PB1P/1PP3P1/1R1R2K1 b k - 0 7 | D8: 2. Qxe3 | E8: capturing the bishop is the most natural response | F8: reasoning | G8: Natural should refer to something else. Here, capturing the bishop is the lesser evil. | H8: minor
A9: GPT 5.4 | B9: 2 | C9: r2k3r/pp1b1p2/4p1pn/q2pP3/1b5p/1PNB1Q1P/PBP2P2/2KR2R1 w - - 4 20 | D9: 1. Nxd5 | E9: White removes the defender on d5 and opens the e-file/e6 square for the advanced pawn | F9: reasoning | G9: Not for the advanced pawn. This is used to open the diagonal for the bishop on b2 | H9: medium
A10: GPT 5.4 | B10: 2 | C10: r2k3r/pp1b1p2/4p1pn/q2pP3/1b5p/1PNB1Q1P/PBP2P2/2KR2R1 w - - 4 20 | D10: 1. Nxd5 | E10: In puzzles, when you have a pawn already on the 5th rank close to promotion, always ask: can I clear its path by sacrifice? | F10: reasoning | G10: You don't always want to clear a path with sacrifice for an advanced pawn | H10: minor
A11: GPT 5.4 | B11: 2 | C11: r2k3r/pp1b1p2/4p1pn/q2pP3/1b5p/1PNB1Q1P/PBP2P2/2KR2R1 w - - 4 20 | D11: 2. e6! | E11: White does not rush to win material elsewhere | F11: reasoning | G11: No option for White to win material elsewhere | H11: minor
A12: GPT 5.4 | B12: 2 | C12: r2k3r/pp1b1p2/4p1pn/q2pP3/1b5p/1PNB1Q1P/PBP2P2/2KR2R1 w - - 4 20 | D12: 2. e6! | E12: Advanced pawns on the 6th rank are often worth a piece in tactical terms because they tie down the enemy king and pieces. | F12: reasoning | G12: True general statement, but not the point of the position. The pawn is sacrificed to open the diagonal for the bishop on b2 | H12: minor
A13: GPT 5.4 | B13: 2 | C13: r2k3r/pp1b1p2/4p1pn/q2pP3/1b5p/1PNB1Q1P/PBP2P2/2KR2R1 w - - 4 20 | D13: 2...Re8 | E13: placing a rook behind the pawn and trying to stop promotion | F13: reasoning | G13: Promotion is not the real threat, the hanging rook was. | H13: medium
... A77: GPT 5.4 | B77: 20 | C77: 2k5/2p2q1p/p6P/1p1bQ3/1P1P1BPK/P7/8/8 w - - 0 1 | D77: 3.Qxc7+ | E77: Black's dangerous c-pawn | F77: reasoning | G77: the c-pawn is not dangerous | H77: medium

Sheet Calculations GPT
A1: Row Idx | B1: Puzzle ID | C1: Hallucination Type | D1: Impact (cleaned) | E1: W_c (weight) | F1: M_s (×severity) | G1: k (rank in group) | H1: δ^(k-1) (decay) | I1: P (penalty)
A2: 1 | B2: ='Data GPT'!B2 -> 1 | C2: ='Data GPT'!F2 -> other | D2: =LOWER(TRIM('Data GPT'!H2)) -> minor | E2: =IF(ISNUMBER(SEARCH("move_legality",C2)),Parameters!$B$4,IF(ISNUMBER(SEARCH("piece_placement",C2)),Parameters!$B$5,IF(ISNUMBER(SEARCH("material",C2)),Parameters!$B$6,IF(ISNUMBER(SEARCH("piece_relations",C2)),Parameters!$B$7,IF(ISNUMBER(SEARCH("geometry",C2)),Parameters!$B$8,IF(ISNUMBER(SEARCH("reasoning",C2)),Parameters!$B$9,Parameters!$B$10)))))) -> 1 | F2: =IF(D2="major",Parameters!$B$14,IF(D2="medium",Parameters!$B$15,Parameters!$B$16)) -> 1 | G2: =COUNTIFS($B$2:$B$12,B2,$C$2:$C$12,C2,$F$2:$F$12,">"&F2)+COUNTIFS($B$2:$B$12,B2,$C$2:$C$12,C2,$F$2:$F$12,F2,$A$2:$A$12,"<="&A2) -> 1 | H2: =Parameters!$B$20^(G2-1) -> 1 | I2: =E2*F2*H2 -> 1
A3: 2 | B3: ='Data GPT'!B3 -> 1 | C3: ='Data GPT'!F3 -> piece_relations | D3: =LOWER(TRIM('Data GPT'!H3)) -> medium | E3: =IF(ISNUMBER(SEARCH("move_legality",C3)),Parameters!$B$4,IF(ISNUMBER(SEARCH("piece_placement",C3)),Parameters!$B$5,IF(ISNUMBER(SEARCH("material",C3)),Parameters!$B$6,IF(ISNUMBER(SEARCH("piece_relations",C3)),Parameters!$B$7,IF(ISNUMBER(SEARCH("geometry",C3)),Parameters!$B$8,IF(ISNUMBER(SEARCH("reasoning",C3)),Parameters!$B$9,Parameters!$B$10)))))) -> 4 | F3: =IF(D3="major",Parameters!$B$14,IF(D3="medium",Parameters!$B$15,Parameters!$B$16)) -> 2 | G3: =COUNTIFS($B$2:$B$12,B3,$C$2:$C$12,C3,$F$2:$F$12,">"&F3)+COUNTIFS($B$2:$B$12,B3,$C$2:$C$12,C3,$F$2:$F$12,F3,$A$2:$A$12,"<="&A3) -> 1 | H3: =Parameters!$B$20^(G3-1) -> 1 | I3: =E3*F3*H3 -> 8
A4: 3 | B4: ='Data GPT'!B4 -> 1 | C4: ='Data GPT'!F4 -> reasoning | D4: =LOWER(TRIM('Data GPT'!H4)) -> minor | E4: =IF(ISNUMBER(SEARCH("move_legality",C4)),Parameters!$B$4,IF(ISNUMBER(SEARCH("piece_placement",C4)),Parameters!$B$5,IF(ISNUMBER(SEARCH("material",C4)),Parameters!$B$6,IF(ISNUMBER(SEARCH("piece_relations",C4)),Parameters!$B$7,IF(ISNUMBER(SEARCH("geometry",C4)),Parameters!$B$8,IF(ISNUMBER(SEARCH("reasoning",C4)),Parameters!$B$9,Parameters!$B$10)))))) -> 2 | F4: =IF(D4="major",Parameters!$B$14,IF(D4="medium",Parameters!$B$15,Parameters!$B$16)) -> 1 | G4: =COUNTIFS($B$2:$B$12,B4,$C$2:$C$12,C4,$F$2:$F$12,">"&F4)+COUNTIFS($B$2:$B$12,B4,$C$2:$C$12,C4,$F$2:$F$12,F4,$A$2:$A$12,"<="&A4) -> 2 | H4: =Parameters!$B$20^(G4-1) -> 0.7 | I4: =E4*F4*H4 -> 1.4
A5: 4 | B5: ='Data GPT'!B5 -> 1 | C5: ='Data GPT'!F5 -> reasoning | D5: =LOWER(TRIM('Data GPT'!H5)) -> minor | E5: =IF(ISNUMBER(SEARCH("move_legality",C5)),Parameters!$B$4,IF(ISNUMBER(SEARCH("piece_placement",C5)),Parameters!$B$5,IF(ISNUMBER(SEARCH("material",C5)),Parameters!$B$6,IF(ISNUMBER(SEARCH("piece_relations",C5)),Parameters!$B$7,IF(ISNUMBER(SEARCH("geometry",C5)),Parameters!$B$8,IF(ISNUMBER(SEARCH("reasoning",C5)),Parameters!$B$9,Parameters!$B$10)))))) -> 2 | F5: =IF(D5="major",Parameters!$B$14,IF(D5="medium",Parameters!$B$15,Parameters!$B$16)) -> 1 | G5: =COUNTIFS($B$2:$B$12,B5,$C$2:$C$12,C5,$F$2:$F$12,">"&F5)+COUNTIFS($B$2:$B$12,B5,$C$2:$C$12,C5,$F$2:$F$12,F5,$A$2:$A$12,"<="&A5) -> 3 | H5: =Parameters!$B$20^(G5-1) -> 0.49 | I5: =E5*F5*H5 -> 0.98
A6: 5 | B6: ='Data GPT'!B6 -> 1 | C6: ='Data GPT'!F6 -> reasoning | D6: =LOWER(TRIM('Data GPT'!H6)) -> medium | E6: =IF(ISNUMBER(SEARCH("move_legality",C6)),Parameters!$B$4,IF(ISNUMBER(SEARCH("piece_placement",C6)),Parameters!$B$5,IF(ISNUMBER(SEARCH("material",C6)),Parameters!$B$6,IF(ISNUMBER(SEARCH("piece_relations",C6)),Parameters!$B$7,IF(ISNUMBER(SEARCH("geometry",C6)),Parameters!$B$8,IF(ISNUMBER(SEARCH("reasoning",C6)),Parameters!$B$9,Parameters!$B$10)))))) -> 2 | F6: =IF(D6="major",Parameters!$B$14,IF(D6="medium",Parameters!$B$15,Parameters!$B$16)) -> 2 | G6: =COUNTIFS($B$2:$B$12,B6,$C$2:$C$12,C6,$F$2:$F$12,">"&F6)+COUNTIFS($B$2:$B$12,B6,$C$2:$C$12,C6,$F$2:$F$12,F6,$A$2:$A$12,"<="&A6) -> 1 | H6: =Parameters!$B$20^(G6-1) -> 1 | I6: =E6*F6*H6 -> 4
A7: 6 | B7: ='Data GPT'!B7 -> 1 | C7: ='Data GPT'!F7 -> move_legality | D7: =LOWER(TRIM('Data GPT'!H7)) -> major | E7: =IF(ISNUMBER(SEARCH("move_legality",C7)),Parameters!$B$4,IF(ISNUMBER(SEARCH("piece_placement",C7)),Parameters!$B$5,IF(ISNUMBER(SEARCH("material",C7)),Parameters!$B$6,IF(ISNUMBER(SEARCH("piece_relations",C7)),Parameters!$B$7,IF(ISNUMBER(SEARCH("geometry",C7)),Parameters!$B$8,IF(ISNUMBER(SEARCH("reasoning",C7)),Parameters!$B$9,Parameters!$B$10)))))) -> 8 | F7: =IF(D7="major",Parameters!$B$14,IF(D7="medium",Parameters!$B$15,Parameters!$B$16)) -> 3 | G7: =COUNTIFS($B$2:$B$12,B7,$C$2:$C$12,C7,$F$2:$F$12,">"&F7)+COUNTIFS($B$2:$B$12,B7,$C$2:$C$12,C7,$F$2:$F$12,F7,$A$2:$A$12,"<="&A7) -> 1 | H7: =Parameters!$B$20^(G7-1) -> 1 | I7: =E7*F7*H7 -> 24
A8: 7 | B8: ='Data GPT'!B8 -> 1 | C8: ='Data GPT'!F8 -> reasoning | D8: =LOWER(TRIM('Data GPT'!H8)) -> minor | E8: =IF(ISNUMBER(SEARCH("move_legality",C8)),Parameters!$B$4,IF(ISNUMBER(SEARCH("piece_placement",C8)),Parameters!$B$5,IF(ISNUMBER(SEARCH("material",C8)),Parameters!$B$6,IF(ISNUMBER(SEARCH("piece_relations",C8)),Parameters!$B$7,IF(ISNUMBER(SEARCH("geometry",C8)),Parameters!$B$8,IF(ISNUMBER(SEARCH("reasoning",C8)),Parameters!$B$9,Parameters!$B$10)))))) -> 2 | F8: =IF(D8="major",Parameters!$B$14,IF(D8="medium",Parameters!$B$15,Parameters!$B$16)) -> 1 | G8: =COUNTIFS($B$2:$B$12,B8,$C$2:$C$12,C8,$F$2:$F$12,">"&F8)+COUNTIFS($B$2:$B$12,B8,$C$2:$C$12,C8,$F$2:$F$12,F8,$A$2:$A$12,"<="&A8) -> 4 | H8: =Parameters!$B$20^(G8-1) -> 0.343 | I8: =E8*F8*H8 -> 0.686
A9: 8 | B9: ='Data GPT'!B9 -> 2 | C9: ='Data GPT'!F9 -> reasoning | D9: =LOWER(TRIM('Data GPT'!H9)) -> medium | E9: =IF(ISNUMBER(SEARCH("move_legality",C9)),Parameters!$B$4,IF(ISNUMBER(SEARCH("piece_placement",C9)),Parameters!$B$5,IF(ISNUMBER(SEARCH("material",C9)),Parameters!$B$6,IF(ISNUMBER(SEARCH("piece_relations",C9)),Parameters!$B$7,IF(ISNUMBER(SEARCH("geometry",C9)),Parameters!$B$8,IF(ISNUMBER(SEARCH("reasoning",C9)),Parameters!$B$9,Parameters!$B$10)))))) -> 2 | F9: =IF(D9="major",Parameters!$B$14,IF(D9="medium",Parameters!$B$15,Parameters!$B$16)) -> 2 | G9: =COUNTIFS($B$2:$B$12,B9,$C$2:$C$12,C9,$F$2:$F$12,">"&F9)+COUNTIFS($B$2:$B$12,B9,$C$2:$C$12,C9,$F$2:$F$12,F9,$A$2:$A$12,"<="&A9) -> 1 | H9: =Parameters!$B$20^(G9-1) -> 1 | I9: =E9*F9*H9 -> 4
A10: 9 | B10: ='Data GPT'!B10 -> 2 | C10: ='Data GPT'!F10 -> reasoning | D10: =LOWER(TRIM('Data GPT'!H10)) -> minor | E10: =IF(ISNUMBER(SEARCH("move_legality",C10)),Parameters!$B$4,IF(ISNUMBER(SEARCH("piece_placement",C10)),Parameters!$B$5,IF(ISNUMBER(SEARCH("material",C10)),Parameters!$B$6,IF(ISNUMBER(SEARCH("piece_relations",C10)),Parameters!$B$7,IF(ISNUMBER(SEARCH("geometry",C10)),Parameters!$B$8,IF(ISNUMBER(SEARCH("reasoning",C10)),Parameters!$B$9,Parameters!$B$10)))))) -> 2 | F10: =IF(D10="major",Parameters!$B$14,IF(D10="medium",Parameters!$B$15,Parameters!$B$16)) -> 1 | G10: =COUNTIFS($B$2:$B$12,B10,$C$2:$C$12,C10,$F$2:$F$12,">"&F10)+COUNTIFS($B$2:$B$12,B10,$C$2:$C$12,C10,$F$2:$F$12,F10,$A$2:$A$12,"<="&A10) -> 2 | H10: =Parameters!$B$20^(G10-1) -> 0.7 | I10: =E10*F10*H10 -> 1.4
A11: 10 | B11: ='Data GPT'!B11 -> 2 | C11: ='Data GPT'!F11 -> reasoning | D11: =LOWER(TRIM('Data GPT'!H11)) -> minor | E11: =IF(ISNUMBER(SEARCH("move_legality",C11)),Parameters!$B$4,IF(ISNUMBER(SEARCH("piece_placement",C11)),Parameters!$B$5,IF(ISNUMBER(SEARCH("material",C11)),Parameters!$B$6,IF(ISNUMBER(SEARCH("piece_relations",C11)),Parameters!$B$7,IF(ISNUMBER(SEARCH("geometry",C11)),Parameters!$B$8,IF(ISNUMBER(SEARCH("reasoning",C11)),Parameters!$B$9,Parameters!$B$10)))))) -> 2 | F11: =IF(D11="major",Parameters!$B$14,IF(D11="medium",Parameters!$B$15,Parameters!$B$16)) -> 1 | G11: =COUNTIFS($B$2:$B$12,B11,$C$2:$C$12,C11,$F$2:$F$12,">"&F11)+COUNTIFS($B$2:$B$12,B11,$C$2:$C$12,C11,$F$2:$F$12,F11,$A$2:$A$12,"<="&A11) -> 3 | H11: =Parameters!$B$20^(G11-1) -> 0.49 | I11: =E11*F11*H11 -> 0.98
A12: 11 | B12: ='Data GPT'!B12 -> 2 | C12: ='Data GPT'!F12 -> reasoning | D12: =LOWER(TRIM('Data GPT'!H12)) -> minor | E12: =IF(ISNUMBER(SEARCH("move_legality",C12)),Parameters!$B$4,IF(ISNUMBER(SEARCH("piece_placement",C12)),Parameters!$B$5,IF(ISNUMBER(SEARCH("material",C12)),Parameters!$B$6,IF(ISNUMBER(SEARCH("piece_relations",C12)),Parameters!$B$7,IF(ISNUMBER(SEARCH("geometry",C12)),Parameters!$B$8,IF(ISNUMBER(SEARCH("reasoning",C12)),Parameters!$B$9,Parameters!$B$10)))))) -> 2 | F12: =IF(D12="major",Parameters!$B$14,IF(D12="medium",Parameters!$B$15,Parameters!$B$16)) -> 1 | G12: =COUNTIFS($B$2:$B$12,B12,$C$2:$C$12,C12,$F$2:$F$12,">"&F12)+COUNTIFS($B$2:$B$12,B12,$C$2:$C$12,C12,$F$2:$F$12,F12,$A$2:$A$12,"<="&A12) -> 4 | H12: =Parameters!$B$20^(G12-1) -> 0.343 | I12: =E12*F12*H12 -> 0.686
A13: 12 | B13: ='Data GPT'!B13 -> 2 | C13: ='Data GPT'!F13 -> reasoning | D13: =LOWER(TRIM('Data GPT'!H13)) -> medium | E13: =IF(ISNUMBER(SEARCH("move_legality",C13)),Parameters!$B$4,IF(ISNUMBER(SEARCH("piece_placement",C13)),Parameters!$B$5,IF(ISNUMBER(SEARCH("material",C13)),Parameters!$B$6,IF(ISNUMBER(SEARCH("piece_relations",C13)),Parameters!$B$7,IF(ISNUMBER(SEARCH("geometry",C13)),Parameters!$B$8,IF(ISNUMBER(SEARCH("reasoning",C13)),Parameters!$B$9,Parameters!$B$10)))))) -> 2 | F13: =IF(D13="major",Parameters!$B$14,IF(D13="medium",Parameters!$B$15,Parameters!$B$16)) -> 2 | G13: =COUNTIFS($B$2:$B$12,B13,$C$2:$C$12,C13,$F$2:$F$12,">"&F13)+COUNTIFS($B$2:$B$12,B13,$C$2:$C$12,C13,$F$2:$F$12,F13,$A$2:$A$12,"<="&A13) -> 1 | H13: =Parameters!$B$20^(G13-1) -> 1 | I13: =E13*F13*H13 -> 4
... A77: 76 | B77: ='Data GPT'!B77 -> 20 | C77: ='Data GPT'!F77 -> reasoning | D77: =LOWER(TRIM('Data GPT'!H77)) -> medium | E77: =IF(ISNUMBER(SEARCH("move_legality",C77)),Parameters!$B$4,IF(ISNUMBER(SEARCH("piece_placement",C77)),Parameters!$B$5,IF(ISNUMBER(SEARCH("material",C77)),Parameters!$B$6,IF(ISNUMBER(SEARCH("piece_relations",C77)),Parameters!$B$7,IF(ISNUMBER(SEARCH("geometry",C77)),Parameters!$B$8,IF(ISNUMBER(SEARCH("reasoning",C77)),Parameters!$B$9,Parameters!$B$10)))))) -> 2 | F77: =IF(D77="major",Parameters!$B$14,IF(D77="medium",Parameters!$B$15,Parameters!$B$16)) -> 2 | G77: =COUNTIFS($B$2:$B$12,B77,$C$2:$C$12,C77,$F$2:$F$12,">"&F77)+COUNTIFS($B$2:$B$12,B77,$C$2:$C$12,C77,$F$2:$F$12,F77,$A$2:$A$12,"<="&A77) -> 0 | H77: =Parameters!$B$20^(G77-1) -> 1.4285714 | I77: =E77*F77*H77 -> 5.7142857

Sheet Puzzle Scores GPT
A1: Puzzle ID | B1: Hallucinations (count) | C1: P_total (sum of penalties) | D1: Score_p = MAX(0, 100−P_total) | E1: Interpretation
A2: 1 | B2: =COUNTIF('Calculations GPT'!$B:$B, A2) -> 7 | C2: =SUMIF('Calculations GPT'!$B:$B, A2, 'Calculations GPT'!$I:$I) -> 40.066 | D2: =MAX(0,100-C2) -> 59.934 | E2: =IF(D2>=90,"Excellent",IF(D2>=75,"Good",IF(D2>=55,"Acceptable",IF(D2>=35,"Weak","Critic")))) -> Acceptable
A3: 2 | B3: =COUNTIF('Calculations GPT'!$B:$B, A3) -> 9 | C3: =SUMIF('Calculations GPT'!$B:$B, A3, 'Calculations GPT'!$I:$I) -> 30.723714 | D3: =MAX(0,100-C3) -> 69.276286 | E3: =IF(D3>=90,"Excellent",IF(D3>=75,"Good",IF(D3>=55,"Acceptable",IF(D3>=35,"Weak","Critic")))) -> Acceptable
A4: 3 | B4: =COUNTIF('Calculations GPT'!$B:$B, A4) -> 6 | C4: =SUMIF('Calculations GPT'!$B:$B, A4, 'Calculations GPT'!$I:$I) -> 37.142857 | D4: =MAX(0,100-C4) -> 62.857143 | E4: =IF(D4>=90,"Excellent",IF(D4>=75,"Good",IF(D4>=55,"Acceptable",IF(D4>=35,"Weak","Critic")))) -> Acceptable
A5: 4 | B5: =COUNTIF('Calculations GPT'!$B:$B, A5) -> 5 | C5: =SUMIF('Calculations GPT'!$B:$B, A5, 'Calculations GPT'!$I:$I) -> 25.714286 | D5: =MAX(0,100-C5) -> 74.285714 | E5: =IF(D5>=90,"Excellent",IF(D5>=75,"Good",IF(D5>=55,"Acceptable",IF(D5>=35,"Weak","Critic")))) -> Acceptable
A6: 5 | B6: =COUNTIF('Calculations GPT'!$B:$B, A6) -> 2 | C6: =SUMIF('Calculations GPT'!$B:$B, A6, 'Calculations GPT'!$I:$I) -> 40 | D6: =MAX(0,100-C6) -> 60 | E6: =IF(D6>=90,"Excellent",IF(D6>=75,"Good",IF(D6>=55,"Acceptable",IF(D6>=35,"Weak","Critic")))) -> Acceptable
A7: 6 | B7: =COUNTIF('Calculations GPT'!$B:$B, A7) -> 2 | C7: =SUMIF('Calculations GPT'!$B:$B, A7, 'Calculations GPT'!$I:$I) -> 11.428571 | D7: =MAX(0,100-C7) -> 88.571429 | E7: =IF(D7>=90,"Excellent",IF(D7>=75,"Good",IF(D7>=55,"Acceptable",IF(D7>=35,"Weak","Critic")))) -> Good
A8: 7 | B8: =COUNTIF('Calculations GPT'!$B:$B, A8) -> 4 | C8: =SUMIF('Calculations GPT'!$B:$B, A8, 'Calculations GPT'!$I:$I) -> 25.714286 | D8: =MAX(0,100-C8) -> 74.285714 | E8: =IF(D8>=90,"Excellent",IF(D8>=75,"Good",IF(D8>=55,"Acceptable",IF(D8>=35,"Weak","Critic")))) -> Acceptable
A9: 8 | B9: =COUNTIF('Calculations GPT'!$B:$B, A9) -> 1 | C9: =SUMIF('Calculations GPT'!$B:$B, A9, 'Calculations GPT'!$I:$I) -> 5.7142857 | D9: =MAX(0,100-C9) -> 94.285714 | E9: =IF(D9>=90,"Excellent",IF(D9>=75,"Good",IF(D9>=55,"Acceptable",IF(D9>=35,"Weak","Critic")))) -> Excellent
A10: 9 | B10: =COUNTIF('Calculations GPT'!$B:$B, A10) -> 10 | C10: =SUMIF('Calculations GPT'!$B:$B, A10, 'Calculations GPT'!$I:$I) -> 101.42857 | D10: =MAX(0,100-C10) -> 0 | E10: =IF(D10>=90,"Excellent",IF(D10>=75,"Good",IF(D10>=55,"Acceptable",IF(D10>=35,"Weak","Critic")))) -> Critic
A11: 10 | B11: =COUNTIF('Calculations GPT'!$B:$B, A11) -> 3 | C11: =SUMIF('Calculations GPT'!$B:$B, A11, 'Calculations GPT'!$I:$I) -> 11.428571 | D11: =MAX(0,100-C11) -> 88.571429 | E11: =IF(D11>=90,"Excellent",IF(D11>=75,"Good",IF(D11>=55,"Acceptable",IF(D11>=35,"Weak","Critic")))) -> Good
A12: 11 | B12: =COUNTIF('Calculations GPT'!$B:$B, A12) -> 1 | C12: =SUMIF('Calculations GPT'!$B:$B, A12, 'Calculations GPT'!$I:$I) -> 12.857143 | D12: =MAX(0,100-C12) -> 87.142857 | E12: =IF(D12>=90,"Excellent",IF(D12>=75,"Good",IF(D12>=55,"Acceptable",IF(D12>=35,"Weak","Critic")))) -> Good
A13: 12 | B13: =COUNTIF('Calculations GPT'!$B:$B, A13) -> 5 | C13: =SUMIF('Calculations GPT'!$B:$B, A13, 'Calculations GPT'!$I:$I) -> 80 | D13: =MAX(0,100-C13) -> 20 | E13: =IF(D13>=90,"Excellent",IF(D13>=75,"Good",IF(D13>=55,"Acceptable",IF(D13>=35,"Weak","Critic")))) -> Critic
... A21: 20 | B21: =COUNTIF('Calculations GPT'!$B:$B, A21) -> 3 | C21: =SUMIF('Calculations GPT'!$B:$B, A21, 'Calculations GPT'!$I:$I) -> 20 | D21: =MAX(0,100-C21) -> 80 | E21: =IF(D21>=90,"Excellent",IF(D21>=75,"Good",IF(D21>=55,"Acceptable",IF(D21>=35,"Weak","Critic")))) -> Good
A22: MODEL SCORE | C22: =ROUND(AVERAGE(C2:C21),2) -> 33.97 | D22: =ROUND(AVERAGE(D2:D21),2) -> 66.1 | E22: =IF(D22>=90,"Excellent",IF(D22>=75,"Good",IF(D22>=55,"Acceptable",IF(D22>=35,"Weak","Critic")))) -> Acceptable

Sheet Data DEEPSEEK
A1: model | B1: puzzle_id | C1: fen | D1: move | E1: original_claim | F1: hallucination_type | G1: fixed_claim | H1: potential_impact
A2: Deepseek V3.2 | B2: 1 | C2: 3rk2r/pp3p1p/1q2p1pb/3p4/3Q4/P1N1PB1P/1PP3P1/1R1R2K1 b k - 0 1 | D2: 1... Bxe3+ | E2: Black begins a tactical sequence by sacrificing the bishop | F2: reasoning | G2: The bishop is not sacrificed, as it is defended by the Qb6 | H2: medium
A3: Deepseek V3.2 | B3: 1 | C3: 3rk2r/pp3p1p/1q2p1pb/3p4/3Q4/P1N1PB1P/1PP3P1/1R1R2K1 b k - 0 1 | D3: 1... Bxe3+ | E3: The key idea is to deflect White's queen from its defense of the e3-square | F3: reasoning | G3: Key idea is a double attack, or maybe removal of the defender of Qd4 - the pawn on e3 | H3: medium
A4: Deepseek V3.2 | B4: 1 | C4: 3rk2r/pp3p1p/1q2p1pb/3p4/3Q4/P1N1PB1P/1PP3P1/1R1R2K1 b k - 0 1 | D4: 1... Bxe3+ | E4: The premise for the combination is the overworked white queen: | F4: reasoning | G4: The White queen is not overworked. The e3 pawn is underprotected | H4: medium
A5: Deepseek V3.2 | B5: 1 | C5: 3rk2r/pp3p1p/1q2p1pb/3p4/3Q4/P1N1PB1P/1PP3P1/1R1R2K1 b k - 0 1 | D5: 1... Bxe3+ | E5: white queen: it defends the knight on c3 and the pawn on e3. Removing one of these defenders will create a fatal weakness | F5: piece_relations | G5: Queen is defending Nc3 and pe3, not Nc3 and pe3 defend the queen | H5: major
A6: Deepseek V3.2 | B6: 1 | C6: 3rk2r/pp3p1p/1q2p1pb/3p4/3Q4/P1N1PB1P/1PP3P1/1R1R2K1 b k - 0 1 | D6: 1... Bxe3+ | E6: This is a classic example of an 'overloaded piece' tactic. | F6: reasoning | G6: This is not a classic example of an overloaded piece tactic | H6: medium
A7: Deepseek V3.2 | B7: 1 | C7: 3rk2r/pp3p1p/1q2p1pb/3p4/3Q4/P1N1PB1P/1PP3P1/1R1R2K1 b k - 0 1 | D7: 2. Qxe3 | E7: If White declines the sacrifice, 2.Kh1, then Black simply plays 2...Bxf3+ winning the queen after 3.gxf3 Qxe1# would be mate | F7: move_legality | G7: If white plays 2. Kh1, 2... Bxf3+ is an illegal move, and so is the following sequence 3. gxf3 Qxe1# | H7: major
A8: Deepseek V3.2 | B8: 1 | C8: 3rk2r/pp3p1p/1q2p1pb/3p4/3Q4/P1N1PB1P/1PP3P1/1R1R2K1 b k - 0 1 | D8: 2. Qxe3 | E8: So capturing is forced. | F8: move_legality | G8: Capturing is not forced | H8: medium
A9: Deepseek V3.2 | B9: 1 | C9: 3rk2r/pp3p1p/1q2p1pb/3p4/3Q4/P1N1PB1P/1PP3P1/1R1R2K1 b k - 0 1 | D9: 2... Qxe3 | E9: Now the queen recaptures, attacking the rook on d1 | F9: piece_relations | G9: Qe3 does not attack the rook on d1 | H9: major
A10: Deepseek V3.2 | B10: 1 | C10: 3rk2r/pp3p1p/1q2p1pb/3p4/3Q4/P1N1PB1P/1PP3P1/1R1R2K1 b k - 0 1 | D10: 2... Qxe3 | E10: This is the point: the queen was overloaded | F10: reasoning | G10: The queen was not overloaded. | H10: medium
A11: Deepseek V3.2 | B11: 1 | C11: 3rk2r/pp3p1p/1q2p1pb/3p4/3Q4/P1N1PB1P/1PP3P1/1R1R2K1 b k - 0 1 | D11: 2... Qxe3 | E11: After defending against the initial check, it was also the sole defender of the rook | F11: piece_relations | G11: The Rd1 was also defended by Nc3, Rb1, and Bf3 | H11: major
A12: Deepseek V3.2 | B12: 1 | C12: 3rk2r/pp3p1p/1q2p1pb/3p4/3Q4/P1N1PB1P/1PP3P1/1R1R2K1 b k - 0 1 | D12: 2... Qxe3 | E12: Now that it's gone, the rook hangs | F12: piece_relations | G12: The Rd1 does not hang, it is defended by Nc3, Rb1 and Bf3 | H12: major
A13: Deepseek V3.2 | B13: 1 | C13: 3rk2r/pp3p1p/1q2p1pb/3p4/3Q4/P1N1PB1P/1PP3P1/1R1R2K1 b k - 0 1 | D13: 2... Qxe3 | E13: The sequence nets Black a queen for a bishop, winning material decisively. | F13: material | G13: The sequence nets Black a queen and a pawn for a bishop. | H13: minor
... A126: Deepseek V3.2 | B126: 7 | C126: 5rk1/3r1p1p/pq4p1/2R1Q3/1p2P2P/3P4/PP1K2P1/5R2 b - - 0 1 | D126: 1... f6 | E126: The critical follow-up idea is that after the queen moves, the black queen on b6 will be able to capture the rook on c5 with a discovered attack on the white queen | F126: reasoning | G126: black queen capturing the rook on c5 is not a discoevered attack on the white queen. it's just a capture winning material | H126: medium
A127: Deepseek V3.2 | B127: 7 | C127: 5rk1/3r1p1p/pq4p1/2R1Q3/1p2P2P/3P4/PP1K2P1/5R2 b - - 0 1 | D127: 2. Qe3 | F127: move_legality | G127: Qe3 is not a legal move | H127: major
A128: Deepseek V3.2 | B128: 7 | C128: 5rk1/3r1p1p/pq4p1/2R1Q3/1p2P2P/3P4/PP1K2P1/5R2 b - - 0 1 | D128: 2. Qe3 | E128: The queen moves to a safe square, still protecting the rook on c5 | F128: piece_relations | G128: Qf4 does not protect the c5 rook | H128: major
A129: Deepseek V3.2 | B129: 7 | C129: 5rk1/3r1p1p/pq4p1/2R1Q3/1p2P2P/3P4/PP1K2P1/5R2 b - - 0 1 | D129: 2. Qe3 | E129: Alternatives like 2.Qc3? allow 2...Qxc5 and the queen is still attacked | F129: reasoning | G129: After 2. Qc3, black simply plays bxc3 | H129: major
A130: Deepseek V3.2 | B130: 7 | C130: 5rk1/3r1p1p/pq4p1/2R1Q3/1p2P2P/3P4/PP1K2P1/5R2 b - - 0 1 | D130: 2. Qe3 | E130: or 2.Qd6? Qxc5 winning | F130: reasoning | G130: After 2. Qd6, black plays Qd6 (or Rd6) winning, not Qxc5 which is losing | H130: major
A131: Deepseek V3.2 | B131: 7 | C131: 5rk1/3r1p1p/pq4p1/2R1Q3/1p2P2P/3P4/PP1K2P1/5R2 b - - 0 1 | D131: 2. Qe3 | E131: The move 2.Qf4 maintains the defense of the rook | F131: piece_relations | G131: The move Qf4 loses defense of the rook | H131: major
A132: Deepseek V3.2 | B132: 7 | C132: 5rk1/3r1p1p/pq4p1/2R1Q3/1p2P2P/3P4/PP1K2P1/5R2 b - - 0 1 | D132: 2... Qxc5 | E132: Black simply captures the rook, which is now possible because the white queen on f4 is undefended! | F132: reasoning | G132: The capture is possible because the Rook on c5 is no longer defended | H132: medium
A133: Deepseek V3.2 | B133: 7 | C133: 5rk1/3r1p1p/pq4p1/2R1Q3/1p2P2P/3P4/PP1K2P1/5R2 b - - 0 1 | D133: 2... Qxc5 | E133: Black simply captures the rook, which is now possible because the white queen on f4 is undefended! | F133: piece_relations | G133: The queen on f4 is defended by the rook on f1 | H133: major
A134: Deepseek V3.2 | B134: 7 | C134: 5rk1/3r1p1p/pq4p1/2R1Q3/1p2P2P/3P4/PP1K2P1/5R2 b - - 0 1 | D134: 2... Qxc5 | E134: This is a classic tactic: using a double attack or discovered attack after forcing a piece onto an unprotected square | F134: reasoning | G134: This is not a double or discovered attack, nor forcing a piece onto an unprotected square. This is a removing the defender theme | H134: medium
A135: Deepseek V3.2 | B135: 7 | C135: 5rk1/3r1p1p/pq4p1/2R1Q3/1p2P2P/3P4/PP1K2P1/5R2 b - - 0 1 | D135: 2... Qxc5 | E135: Here, the capture attacks the undefended queen on f4. | F135: piece_relations | G135: Qc5 does not attack the queen on f4 | H135: major
A136: Deepseek V3.2 | B136: 7 | C136: 5rk1/3r1p1p/pq4p1/2R1Q3/1p2P2P/3P4/PP1K2P1/5R2 b - - 0 1 | D136: 2... Qxc5 | E136: Here, the capture attacks the undefended queen on f4. | F136: piece_relations | G136: The queen on f4 is defended by the rook on f1 | H136: major
A137: Deepseek V3.2 | B137: 7 | C137: 5rk1/3r1p1p/pq4p1/2R1Q3/1p2P2P/3P4/PP1K2P1/5R2 b - - 0 1 | D137: 2... Qxc5 | E137: White cannot recapture 3.dxc5?? | F137: move_legality | G137: dxc5 is not a legal move | H137: major
A138: Deepseek V3.2 | B138: 7 | C138: 5rk1/3r1p1p/pq4p1/2R1Q3/1p2P2P/3P4/PP1K2P1/5R2 b - - 0 1 | D138: 2... Qxc5 | E138: White cannot recapture 3.dxc5?? because of 3...Rxd2+ | F138: move_legality | G138: Rxd2 is not a legal move | H138: major
A139: Deepseek V3.2 | B139: 7 | C139: 5rk1/3r1p1p/pq4p1/2R1Q3/1p2P2P/3P4/PP1K2P1/5R2 b - - 0 1 | D139: 2... Qxc5 | E139: Therefore, White loses the exchange and a pawn | F139: material | G139: White looses a rook | H139: major
... A359: Deepseek V3.2 | B359: 20 | C359: 2k5/2p2q1p/p6P/1p1bQ3/1P1P1BPK/P7/8/8 w - - 0 1 | D359: 5. gxh7 | E359: The initial pawn moves (g5, g6) were not just aggressive; they were strategically necessary to open lines | F359: reasoning | G359: The pawn moves' idea was to deflect the queen from defending c7 | H359: medium

Sheet Calculations DEEPSEEK
A1: Row Idx | B1: Puzzle ID | C1: Hallucination Type | D1: Impact (cleaned) | E1: W_c (weight) | F1: M_s (×severity) | G1: k (rank in group) | H1: δ^(k-1) (decay) | I1: P (penalty)
A2: 1 | B2: ='Data DEEPSEEK'!B2 -> 1 | C2: ='Data DEEPSEEK'!F2 -> reasoning | D2: =LOWER(TRIM('Data DEEPSEEK'!H2)) -> medium | E2: =IF(ISNUMBER(SEARCH("move_legality",C2)),Parameters!$B$4,IF(ISNUMBER(SEARCH("piece_placement",C2)),Parameters!$B$5,IF(ISNUMBER(SEARCH("material",C2)),Parameters!$B$6,IF(ISNUMBER(SEARCH("piece_relations",C2)),Parameters!$B$7,IF(ISNUMBER(SEARCH("geometry",C2)),Parameters!$B$8,IF(ISNUMBER(SEARCH("reasoning",C2)),Parameters!$B$9,Parameters!$B$10)))))) -> 2 | F2: =IF(D2="major",Parameters!$B$14,IF(D2="medium",Parameters!$B$15,Parameters!$B$16)) -> 2 | G2: =COUNTIFS($B$2:$B$12,B2,$C$2:$C$12,C2,$F$2:$F$12,">"&F2)+COUNTIFS($B$2:$B$12,B2,$C$2:$C$12,C2,$F$2:$F$12,F2,$A$2:$A$12,"<="&A2) -> 1 | H2: =Parameters!$B$20^(G2-1) -> 1 | I2: =E2*F2*H2 -> 4
A3: 2 | B3: ='Data DEEPSEEK'!B3 -> 1 | C3: ='Data DEEPSEEK'!F3 -> reasoning | D3: =LOWER(TRIM('Data DEEPSEEK'!H3)) -> medium | E3: =IF(ISNUMBER(SEARCH("move_legality",C3)),Parameters!$B$4,IF(ISNUMBER(SEARCH("piece_placement",C3)),Parameters!$B$5,IF(ISNUMBER(SEARCH("material",C3)),Parameters!$B$6,IF(ISNUMBER(SEARCH("piece_relations",C3)),Parameters!$B$7,IF(ISNUMBER(SEARCH("geometry",C3)),Parameters!$B$8,IF(ISNUMBER(SEARCH("reasoning",C3)),Parameters!$B$9,Parameters!$B$10)))))) -> 2 | F3: =IF(D3="major",Parameters!$B$14,IF(D3="medium",Parameters!$B$15,Parameters!$B$16)) -> 2 | G3: =COUNTIFS($B$2:$B$12,B3,$C$2:$C$12,C3,$F$2:$F$12,">"&F3)+COUNTIFS($B$2:$B$12,B3,$C$2:$C$12,C3,$F$2:$F$12,F3,$A$2:$A$12,"<="&A3) -> 2 | H3: =Parameters!$B$20^(G3-1) -> 0.7 | I3: =E3*F3*H3 -> 2.8
A4: 3 | B4: ='Data DEEPSEEK'!B4 -> 1 | C4: ='Data DEEPSEEK'!F4 -> reasoning | D4: =LOWER(TRIM('Data DEEPSEEK'!H4)) -> medium | E4: =IF(ISNUMBER(SEARCH("move_legality",C4)),Parameters!$B$4,IF(ISNUMBER(SEARCH("piece_placement",C4)),Parameters!$B$5,IF(ISNUMBER(SEARCH("material",C4)),Parameters!$B$6,IF(ISNUMBER(SEARCH("piece_relations",C4)),Parameters!$B$7,IF(ISNUMBER(SEARCH("geometry",C4)),Parameters!$B$8,IF(ISNUMBER(SEARCH("reasoning",C4)),Parameters!$B$9,Parameters!$B$10)))))) -> 2 | F4: =IF(D4="major",Parameters!$B$14,IF(D4="medium",Parameters!$B$15,Parameters!$B$16)) -> 2 | G4: =COUNTIFS($B$2:$B$12,B4,$C$2:$C$12,C4,$F$2:$F$12,">"&F4)+COUNTIFS($B$2:$B$12,B4,$C$2:$C$12,C4,$F$2:$F$12,F4,$A$2:$A$12,"<="&A4) -> 3 | H4: =Parameters!$B$20^(G4-1) -> 0.49 | I4: =E4*F4*H4 -> 1.96
A5: 4 | B5: ='Data DEEPSEEK'!B5 -> 1 | C5: ='Data DEEPSEEK'!F5 -> piece_relations | D5: =LOWER(TRIM('Data DEEPSEEK'!H5)) -> major | E5: =IF(ISNUMBER(SEARCH("move_legality",C5)),Parameters!$B$4,IF(ISNUMBER(SEARCH("piece_placement",C5)),Parameters!$B$5,IF(ISNUMBER(SEARCH("material",C5)),Parameters!$B$6,IF(ISNUMBER(SEARCH("piece_relations",C5)),Parameters!$B$7,IF(ISNUMBER(SEARCH("geometry",C5)),Parameters!$B$8,IF(ISNUMBER(SEARCH("reasoning",C5)),Parameters!$B$9,Parameters!$B$10)))))) -> 4 | F5: =IF(D5="major",Parameters!$B$14,IF(D5="medium",Parameters!$B$15,Parameters!$B$16)) -> 3 | G5: =COUNTIFS($B$2:$B$12,B5,$C$2:$C$12,C5,$F$2:$F$12,">"&F5)+COUNTIFS($B$2:$B$12,B5,$C$2:$C$12,C5,$F$2:$F$12,F5,$A$2:$A$12,"<="&A5) -> 1 | H5: =Parameters!$B$20^(G5-1) -> 1 | I5: =E5*F5*H5 -> 12
A6: 5 | B6: ='Data DEEPSEEK'!B6 -> 1 | C6: ='Data DEEPSEEK'!F6 -> reasoning | D6: =LOWER(TRIM('Data DEEPSEEK'!H6)) -> medium | E6: =IF(ISNUMBER(SEARCH("move_legality",C6)),Parameters!$B$4,IF(ISNUMBER(SEARCH("piece_placement",C6)),Parameters!$B$5,IF(ISNUMBER(SEARCH("material",C6)),Parameters!$B$6,IF(ISNUMBER(SEARCH("piece_relations",C6)),Parameters!$B$7,IF(ISNUMBER(SEARCH("geometry",C6)),Parameters!$B$8,IF(ISNUMBER(SEARCH("reasoning",C6)),Parameters!$B$9,Parameters!$B$10)))))) -> 2 | F6: =IF(D6="major",Parameters!$B$14,IF(D6="medium",Parameters!$B$15,Parameters!$B$16)) -> 2 | G6: =COUNTIFS($B$2:$B$12,B6,$C$2:$C$12,C6,$F$2:$F$12,">"&F6)+COUNTIFS($B$2:$B$12,B6,$C$2:$C$12,C6,$F$2:$F$12,F6,$A$2:$A$12,"<="&A6) -> 4 | H6: =Parameters!$B$20^(G6-1) -> 0.343 | I6: =E6*F6*H6 -> 1.372
A7: 6 | B7: ='Data DEEPSEEK'!B7 -> 1 | C7: ='Data DEEPSEEK'!F7 -> move_legality | D7: =LOWER(TRIM('Data DEEPSEEK'!H7)) -> major | E7: =IF(ISNUMBER(SEARCH("move_legality",C7)),Parameters!$B$4,IF(ISNUMBER(SEARCH("piece_placement",C7)),Parameters!$B$5,IF(ISNUMBER(SEARCH("material",C7)),Parameters!$B$6,IF(ISNUMBER(SEARCH("piece_relations",C7)),Parameters!$B$7,IF(ISNUMBER(SEARCH("geometry",C7)),Parameters!$B$8,IF(ISNUMBER(SEARCH("reasoning",C7)),Parameters!$B$9,Parameters!$B$10)))))) -> 8 | F7: =IF(D7="major",Parameters!$B$14,IF(D7="medium",Parameters!$B$15,Parameters!$B$16)) -> 3 | G7: =COUNTIFS($B$2:$B$12,B7,$C$2:$C$12,C7,$F$2:$F$12,">"&F7)+COUNTIFS($B$2:$B$12,B7,$C$2:$C$12,C7,$F$2:$F$12,F7,$A$2:$A$12,"<="&A7) -> 1 | H7: =Parameters!$B$20^(G7-1) -> 1 | I7: =E7*F7*H7 -> 24
A8: 7 | B8: ='Data DEEPSEEK'!B8 -> 1 | C8: ='Data DEEPSEEK'!F8 -> move_legality | D8: =LOWER(TRIM('Data DEEPSEEK'!H8)) -> medium | E8: =IF(ISNUMBER(SEARCH("move_legality",C8)),Parameters!$B$4,IF(ISNUMBER(SEARCH("piece_placement",C8)),Parameters!$B$5,IF(ISNUMBER(SEARCH("material",C8)),Parameters!$B$6,IF(ISNUMBER(SEARCH("piece_relations",C8)),Parameters!$B$7,IF(ISNUMBER(SEARCH("geometry",C8)),Parameters!$B$8,IF(ISNUMBER(SEARCH("reasoning",C8)),Parameters!$B$9,Parameters!$B$10)))))) -> 8 | F8: =IF(D8="major",Parameters!$B$14,IF(D8="medium",Parameters!$B$15,Parameters!$B$16)) -> 2 | G8: =COUNTIFS($B$2:$B$12,B8,$C$2:$C$12,C8,$F$2:$F$12,">"&F8)+COUNTIFS($B$2:$B$12,B8,$C$2:$C$12,C8,$F$2:$F$12,F8,$A$2:$A$12,"<="&A8) -> 2 | H8: =Parameters!$B$20^(G8-1) -> 0.7 | I8: =E8*F8*H8 -> 11.2
A9: 8 | B9: ='Data DEEPSEEK'!B9 -> 1 | C9: ='Data DEEPSEEK'!F9 -> piece_relations | D9: =LOWER(TRIM('Data DEEPSEEK'!H9)) -> major | E9: =IF(ISNUMBER(SEARCH("move_legality",C9)),Parameters!$B$4,IF(ISNUMBER(SEARCH("piece_placement",C9)),Parameters!$B$5,IF(ISNUMBER(SEARCH("material",C9)),Parameters!$B$6,IF(ISNUMBER(SEARCH("piece_relations",C9)),Parameters!$B$7,IF(ISNUMBER(SEARCH("geometry",C9)),Parameters!$B$8,IF(ISNUMBER(SEARCH("reasoning",C9)),Parameters!$B$9,Parameters!$B$10)))))) -> 4 | F9: =IF(D9="major",Parameters!$B$14,IF(D9="medium",Parameters!$B$15,Parameters!$B$16)) -> 3 | G9: =COUNTIFS($B$2:$B$12,B9,$C$2:$C$12,C9,$F$2:$F$12,">"&F9)+COUNTIFS($B$2:$B$12,B9,$C$2:$C$12,C9,$F$2:$F$12,F9,$A$2:$A$12,"<="&A9) -> 2 | H9: =Parameters!$B$20^(G9-1) -> 0.7 | I9: =E9*F9*H9 -> 8.4
A10: 9 | B10: ='Data DEEPSEEK'!B10 -> 1 | C10: ='Data DEEPSEEK'!F10 -> reasoning | D10: =LOWER(TRIM('Data DEEPSEEK'!H10)) -> medium | E10: =IF(ISNUMBER(SEARCH("move_legality",C10)),Parameters!$B$4,IF(ISNUMBER(SEARCH("piece_placement",C10)),Parameters!$B$5,IF(ISNUMBER(SEARCH("material",C10)),Parameters!$B$6,IF(ISNUMBER(SEARCH("piece_relations",C10)),Parameters!$B$7,IF(ISNUMBER(SEARCH("geometry",C10)),Parameters!$B$8,IF(ISNUMBER(SEARCH("reasoning",C10)),Parameters!$B$9,Parameters!$B$10)))))) -> 2 | F10: =IF(D10="major",Parameters!$B$14,IF(D10="medium",Parameters!$B$15,Parameters!$B$16)) -> 2 | G10: =COUNTIFS($B$2:$B$12,B10,$C$2:$C$12,C10,$F$2:$F$12,">"&F10)+COUNTIFS($B$2:$B$12,B10,$C$2:$C$12,C10,$F$2:$F$12,F10,$A$2:$A$12,"<="&A10) -> 5 | H10: =Parameters!$B$20^(G10-1) -> 0.2401 | I10: =E10*F10*H10 -> 0.9604
A11: 10 | B11: ='Data DEEPSEEK'!B11 -> 1 | C11: ='Data DEEPSEEK'!F11 -> piece_relations | D11: =LOWER(TRIM('Data DEEPSEEK'!H11)) -> major | E11: =IF(ISNUMBER(SEARCH("move_legality",C11)),Parameters!$B$4,IF(ISNUMBER(SEARCH("piece_placement",C11)),Parameters!$B$5,IF(ISNUMBER(SEARCH("material",C11)),Parameters!$B$6,IF(ISNUMBER(SEARCH("piece_relations",C11)),Parameters!$B$7,IF(ISNUMBER(SEARCH("geometry",C11)),Parameters!$B$8,IF(ISNUMBER(SEARCH("reasoning",C11)),Parameters!$B$9,Parameters!$B$10)))))) -> 4 | F11: =IF(D11="major",Parameters!$B$14,IF(D11="medium",Parameters!$B$15,Parameters!$B$16)) -> 3 | G11: =COUNTIFS($B$2:$B$12,B11,$C$2:$C$12,C11,$F$2:$F$12,">"&F11)+COUNTIFS($B$2:$B$12,B11,$C$2:$C$12,C11,$F$2:$F$12,F11,$A$2:$A$12,"<="&A11) -> 3 | H11: =Parameters!$B$20^(G11-1) -> 0.49 | I11: =E11*F11*H11 -> 5.88
A12: 11 | B12: ='Data DEEPSEEK'!B12 -> 1 | C12: ='Data DEEPSEEK'!F12 -> piece_relations | D12: =LOWER(TRIM('Data DEEPSEEK'!H12)) -> major | E12: =IF(ISNUMBER(SEARCH("move_legality",C12)),Parameters!$B$4,IF(ISNUMBER(SEARCH("piece_placement",C12)),Parameters!$B$5,IF(ISNUMBER(SEARCH("material",C12)),Parameters!$B$6,IF(ISNUMBER(SEARCH("piece_relations",C12)),Parameters!$B$7,IF(ISNUMBER(SEARCH("geometry",C12)),Parameters!$B$8,IF(ISNUMBER(SEARCH("reasoning",C12)),Parameters!$B$9,Parameters!$B$10)))))) -> 4 | F12: =IF(D12="major",Parameters!$B$14,IF(D12="medium",Parameters!$B$15,Parameters!$B$16)) -> 3 | G12: =COUNTIFS($B$2:$B$12,B12,$C$2:$C$12,C12,$F$2:$F$12,">"&F12)+COUNTIFS($B$2:$B$12,B12,$C$2:$C$12,C12,$F$2:$F$12,F12,$A$2:$A$12,"<="&A12) -> 4 | H12: =Parameters!$B$20^(G12-1) -> 0.343 | I12: =E12*F12*H12 -> 4.116
A13: 12 | B13: ='Data DEEPSEEK'!B13 -> 1 | C13: ='Data DEEPSEEK'!F13 -> material | D13: =LOWER(TRIM('Data DEEPSEEK'!H13)) -> minor | E13: =IF(ISNUMBER(SEARCH("move_legality",C13)),Parameters!$B$4,IF(ISNUMBER(SEARCH("piece_placement",C13)),Parameters!$B$5,IF(ISNUMBER(SEARCH("material",C13)),Parameters!$B$6,IF(ISNUMBER(SEARCH("piece_relations",C13)),Parameters!$B$7,IF(ISNUMBER(SEARCH("geometry",C13)),Parameters!$B$8,IF(ISNUMBER(SEARCH("reasoning",C13)),Parameters!$B$9,Parameters!$B$10)))))) -> 5 | F13: =IF(D13="major",Parameters!$B$14,IF(D13="medium",Parameters!$B$15,Parameters!$B$16)) -> 1 | G13: =COUNTIFS($B$2:$B$12,B13,$C$2:$C$12,C13,$F$2:$F$12,">"&F13)+COUNTIFS($B$2:$B$12,B13,$C$2:$C$12,C13,$F$2:$F$12,F13,$A$2:$A$12,"<="&A13) -> 0 | H13: =Parameters!$B$20^(G13-1) -> 1.4285714 | I13: =E13*F13*H13 -> 7.1428571
... A359: 358 | B359: ='Data DEEPSEEK'!B359 -> 20 | C359: ='Data DEEPSEEK'!F359 -> reasoning | D359: =LOWER(TRIM('Data DEEPSEEK'!H359)) -> medium | E359: =IF(ISNUMBER(SEARCH("move_legality",C359)),Parameters!$B$4,IF(ISNUMBER(SEARCH("piece_placement",C359)),Parameters!$B$5,IF(ISNUMBER(SEARCH("material",C359)),Parameters!$B$6,IF(ISNUMBER(SEARCH("piece_relations",C359)),Parameters!$B$7,IF(ISNUMBER(SEARCH("geometry",C359)),Parameters!$B$8,IF(ISNUMBER(SEARCH("reasoning",C359)),Parameters!$B$9,Parameters!$B$10)))))) -> 2 | F359: =IF(D359="major",Parameters!$B$14,IF(D359="medium",Parameters!$B$15,Parameters!$B$16)) -> 2 | G359: =COUNTIFS($B$2:$B$12,B359,$C$2:$C$12,C359,$F$2:$F$12,">"&F359)+COUNTIFS($B$2:$B$12,B359,$C$2:$C$12,C359,$F$2:$F$12,F359,$A$2:$A$12,"<="&A359) -> 0 | H359: =Parameters!$B$20^(G359-1) -> 1.4285714 | I359: =E359*F359*H359 -> 5.7142857

Sheet Puzzle Scores DEEPSEEK
A1: Puzzle ID | B1: Hallucinations (count) | C1: P_total (sum of penalties) | D1: Score_p = MAX(0, 100−P_total) | E1: Interpretation
A2: 1 | B2: =COUNTIF('Calculations DEEPSEEK'!$B:$B, A2) -> 12 | C2: =SUMIF('Calculations DEEPSEEK'!$B:$B, A2, 'Calculations DEEPSEEK'!$I:$I) -> 83.831257 | D2: =MAX(0,100-C2) -> 16.168743 | E2: =IF(D2>=90,"Excellent",IF(D2>=75,"Good",IF(D2>=55,"Acceptable",IF(D2>=35,"Weak","Critic")))) -> Critic
A3: 2 | B3: =COUNTIF('Calculations DEEPSEEK'!$B:$B, A3) -> 15 | C3: =SUMIF('Calculations DEEPSEEK'!$B:$B, A3, 'Calculations DEEPSEEK'!$I:$I) -> 177.14286 | D3: =MAX(0,100-C3) -> 0 | E3: =IF(D3>=90,"Excellent",IF(D3>=75,"Good",IF(D3>=55,"Acceptable",IF(D3>=35,"Weak","Critic")))) -> Critic
A4: 3 | B4: =COUNTIF('Calculations DEEPSEEK'!$B:$B, A4) -> 21 | C4: =SUMIF('Calculations DEEPSEEK'!$B:$B, A4, 'Calculations DEEPSEEK'!$I:$I) -> 338.57143 | D4: =MAX(0,100-C4) -> 0 | E4: =IF(D4>=90,"Excellent",IF(D4>=75,"Good",IF(D4>=55,"Acceptable",IF(D4>=35,"Weak","Critic")))) -> Critic
A5: 4 | B5: =COUNTIF('Calculations DEEPSEEK'!$B:$B, A5) -> 27 | C5: =SUMIF('Calculations DEEPSEEK'!$B:$B, A5, 'Calculations DEEPSEEK'!$I:$I) -> 544.28571 | D5: =MAX(0,100-C5) -> 0 | E5: =IF(D5>=90,"Excellent",IF(D5>=75,"Good",IF(D5>=55,"Acceptable",IF(D5>=35,"Weak","Critic")))) -> Critic
A6: 5 | B6: =COUNTIF('Calculations DEEPSEEK'!$B:$B, A6) -> 28 | C6: =SUMIF('Calculations DEEPSEEK'!$B:$B, A6, 'Calculations DEEPSEEK'!$I:$I) -> 424.28571 | D6: =MAX(0,100-C6) -> 0 | E6: =IF(D6>=90,"Excellent",IF(D6>=75,"Good",IF(D6>=55,"Acceptable",IF(D6>=35,"Weak","Critic")))) -> Critic
A7: 6 | B7: =COUNTIF('Calculations DEEPSEEK'!$B:$B, A7) -> 16 | C7: =SUMIF('Calculations DEEPSEEK'!$B:$B, A7, 'Calculations DEEPSEEK'!$I:$I) -> 278.57143 | D7: =MAX(0,100-C7) -> 0 | E7: =IF(D7>=90,"Excellent",IF(D7>=75,"Good",IF(D7>=55,"Acceptable",IF(D7>=35,"Weak","Critic")))) -> Critic
A8: 7 | B8: =COUNTIF('Calculations DEEPSEEK'!$B:$B, A8) -> 20 | C8: =SUMIF('Calculations DEEPSEEK'!$B:$B, A8, 'Calculations DEEPSEEK'!$I:$I) -> 337.14286 | D8: =MAX(0,100-C8) -> 0 | E8: =IF(D8>=90,"Excellent",IF(D8>=75,"Good",IF(D8>=55,"Acceptable",IF(D8>=35,"Weak","Critic")))) -> Critic
A9: 8 | B9: =COUNTIF('Calculations DEEPSEEK'!$B:$B, A9) -> 22 | C9: =SUMIF('Calculations DEEPSEEK'!$B:$B, A9, 'Calculations DEEPSEEK'!$I:$I) -> 300 | D9: =MAX(0,100-C9) -> 0 | E9: =IF(D9>=90,"Excellent",IF(D9>=75,"Good",IF(D9>=55,"Acceptable",IF(D9>=35,"Weak","Critic")))) -> Critic
A10: 9 | B10: =COUNTIF('Calculations DEEPSEEK'!$B:$B, A10) -> 28 | C10: =SUMIF('Calculations DEEPSEEK'!$B:$B, A10, 'Calculations DEEPSEEK'!$I:$I) -> 425.71429 | D10: =MAX(0,100-C10) -> 0 | E10: =IF(D10>=90,"Excellent",IF(D10>=75,"Good",IF(D10>=55,"Acceptable",IF(D10>=35,"Weak","Critic")))) -> Critic
A11: 10 | B11: =COUNTIF('Calculations DEEPSEEK'!$B:$B, A11) -> 5 | C11: =SUMIF('Calculations DEEPSEEK'!$B:$B, A11, 'Calculations DEEPSEEK'!$I:$I) -> 72.857143 | D11: =MAX(0,100-C11) -> 27.142857 | E11: =IF(D11>=90,"Excellent",IF(D11>=75,"Good",IF(D11>=55,"Acceptable",IF(D11>=35,"Weak","Critic")))) -> Critic
A12: 11 | B12: =COUNTIF('Calculations DEEPSEEK'!$B:$B, A12) -> 20 | C12: =SUMIF('Calculations DEEPSEEK'!$B:$B, A12, 'Calculations DEEPSEEK'!$I:$I) -> 294.28571 | D12: =MAX(0,100-C12) -> 0 | E12: =IF(D12>=90,"Excellent",IF(D12>=75,"Good",IF(D12>=55,"Acceptable",IF(D12>=35,"Weak","Critic")))) -> Critic
A13: 12 | B13: =COUNTIF('Calculations DEEPSEEK'!$B:$B, A13) -> 14 | C13: =SUMIF('Calculations DEEPSEEK'!$B:$B, A13, 'Calculations DEEPSEEK'!$I:$I) -> 165.71429 | D13: =MAX(0,100-C13) -> 0 | E13: =IF(D13>=90,"Excellent",IF(D13>=75,"Good",IF(D13>=55,"Acceptable",IF(D13>=35,"Weak","Critic")))) -> Critic
... A21: 20 | B21: =COUNTIF('Calculations DEEPSEEK'!$B:$B, A21) -> 23 | C21: =SUMIF('Calculations DEEPSEEK'!$B:$B, A21, 'Calculations DEEPSEEK'!$I:$I) -> 308.57143 | D21: =MAX(0,100-C21) -> 0 | E21: =IF(D21>=90,"Excellent",IF(D21>=75,"Good",IF(D21>=55,"Acceptable",IF(D21>=35,"Weak","Critic")))) -> Critic
A22: MODEL SCORE | C22: =ROUND(AVERAGE(C2:C21),2) -> 284.48 | D22: =ROUND(AVERAGE(D2:D21),2) -> 2.17 | E22: =IF(D22>=90,"Excellent",IF(D22>=75,"Good",IF(D22>=55,"Acceptable",IF(D22>=35,"Weak","Critic")))) -> Critic

Sheet Data KIMI
A1: model | B1: puzzle_id | C1: fen | D1: move | E1: original_claim | F1: hallucination_type | G1: fixed_claim | H1: potential_impact
A2: Kimi K2.5 | B2: 1 | C2: 3rk2r/pp3p1p/1q2p1pb/3p4/3Q4/P1N1PB1P/1PP3P1/1R1R2K1 b k - 0 1 | D2: 1... Bxe3+ | E2: They share the long diagonal b6-c5-d4-e3-f2 | F2: geometry | G2: They share the diagonal a7-b6-c5-d4-e3-f2-g1 | H2: minor
A3: Kimi K2.5 | B3: 1 | C3: 3rk2r/pp3p1p/1q2p1pb/3p4/3Q4/P1N1PB1P/1PP3P1/1R1R2K1 b k - 0 1 | D3: 1... Bxe3+ | E3: The only legal move that saves the queen is to capture the bishop | F3: reasoning | G3: Capturing the bishop does not save the queen | H3: major
A4: Kimi K2.5 | B4: 1 | C4: 3rk2r/pp3p1p/1q2p1pb/3p4/3Q4/P1N1PB1P/1PP3P1/1R1R2K1 b k - 0 1 | D4: 2. Qxe3 | E4: Forced Reply | F4: move_legality | G4: The move is not forced | H4: medium
A5: Kimi K2.5 | B5: 1 | C5: 3rk2r/pp3p1p/1q2p1pb/3p4/3Q4/P1N1PB1P/1PP3P1/1R1R2K1 b k - 0 1 | D5: 2... Qxe3 | E5: Now that the white queen has moved onto the shared diagonal | F5: geometry | G5: The white queen was already on the shared diagonal | H5: major
A6: Kimi K2.5 | B6: 2 | C6: r2k3r/pp1b1p2/4p1pn/q2pP3/1b5p/1PNB1Q1P/PBP2P2/2KR2R1 w - - 0 20 | D6: 20. Nxd5 | E6: The d5 pawn is the critical blockader preventing White's e-pawn from advancing | F6: piece_relations | G6: Pawn e6 is the critical blockader preventing White's e-pawn from advancing | H6: major
A7: Kimi K2.5 | B7: 2 | C7: r2k3r/pp1b1p2/4p1pn/q2pP3/1b5p/1PNB1Q1P/PBP2P2/2KR2R1 w - - 0 20 | D7: 20... exd5 | E7: If black tries to decline with Qd8 | F7: move_legality | G7: Qd8 is not a legal move, as there is a friendly king on d8 | H7: major
A8: Kimi K2.5 | B8: 2 | C8: r2k3r/pp1b1p2/4p1pn/q2pP3/1b5p/1PNB1Q1P/PBP2P2/2KR2R1 w - - 0 20 | D8: 20... exd5 | E8: If black tries to decline with [...] Qc5 | F8: reasoning | G8: Qc5 makes no sense after Nxd5 | H8: medium
A9: Kimi K2.5 | B9: 2 | C9: r2k3r/pp1b1p2/4p1pn/q2pP3/1b5p/1PNB1Q1P/PBP2P2/2KR2R1 w - - 0 20 | D9: 20... exd5 | E9: The recapture also opens up the e-file | F9: geometry | G9: After exd5, the e-file is not open | H9: major
A10: Kimi K2.5 | B10: 2 | C10: r2k3r/pp1b1p2/4p1pn/q2pP3/1b5p/1PNB1Q1P/PBP2P2/2KR2R1 w - - 0 20 | D10: 21. e6 | E10: The e-pawn surges forward with tempo, attacking the bishop on d7 | F10: piece_relations | G10: The e-pawn surges forward with tempo, attacking the bishop on d7 and performing a discovery attack on the Rh8 | H10: minor
A11: Kimi K2.5 | B11: 2 | C11: r2k3r/pp1b1p2/4p1pn/q2pP3/1b5p/1PNB1Q1P/PBP2P2/2KR2R1 w - - 0 20 | D11: 21... Re8 | E11: Black attempt to blockade the e file | F11: reasoning | G11: The reason for moving Re8 is to get out of the Bb2 line of attack | H11: major
A12: Kimi K2.5 | B12: 2 | C12: r2k3r/pp1b1p2/4p1pn/q2pP3/1b5p/1PNB1Q1P/PBP2P2/2KR2R1 w - - 0 20 | D12: 21... Re8 | E12: The wedge on e6 severely restricts the dark-squared bishop | F12: geometry | G12: The wedge on e7 severely restricts the light squared bishop | H12: major
A13: Kimi K2.5 | B13: 2 | C13: r2k3r/pp1b1p2/4p1pn/q2pP3/1b5p/1PNB1Q1P/PBP2P2/2KR2R1 w - - 0 20 | D13: 21... Re8 | E13: The wedge on e6 [...] pins the d7-bishop to the king | F13: piece_relations | G13: The bishop on d7 is not pinned | H13: major
... A17: Kimi K2.5 | B17: 2 | C17: r2k3r/pp1b1p2/4p1pn/q2pP3/1b5p/1PNB1Q1P/PBP2P2/2KR2R1 w - - 0 20 | D17: 22. exd7 | E17: the newly opened d-file. | F17: geometry | G17: The newly opened e file | H17: minor
A18: Kimi K2.5 | B18: 3 | C18: 5k2/2nr1pp1/pb5p/1p2PP2/4N1R1/P3P2P/1B2K1P1/8 w - - 0 1 | E18: Black's king is somewhat exposed behind only the g7-pawn | F18: piece_relations | G18: Pawn f7 also shields black king | H18: minor
A19: Kimi K2.5 | B19: 3 | C19: 5k2/2nr1pp1/pb5p/1p2PP2/4N1R1/P3P2P/1B2K1P1/8 w - - 0 1 | E19: The black rook on d7 is restricted | F19: reasoning | G19: The Rd7 sits on an open file | H19: medium
A20: Kimi K2.5 | B20: 3 | C20: 5k2/2nr1pp1/pb5p/1p2PP2/4N1R1/P3P2P/1B2K1P1/8 w - - 0 1 | D20: 1. Rxg7 | E20: Notice how the rook on d7 is already restricted - it has limited mobility on the 7th rank. | F20: reasoning | G20: The Rd7 is restricted on the 7th rank, but not on the d file. Also, this does not matter to the puzzle | H20: minor
A21: Kimi K2.5 | B21: 3 | C21: 5k2/2nr1pp1/pb5p/1p2PP2/4N1R1/P3P2P/1B2K1P1/8 w - - 0 1 | D21: 1... Kxg7 | E21: If Black declines with 1...Re7, then 2.Rxg7+! | F21: move_legality | G21: After Kg7, Rxg7 is not a legal move, as the rook is already on g7 | H21: major
A22: Kimi K2.5 | B22: 3 | C22: 5k2/2nr1pp1/pb5p/1p2PP2/4N1R1/P3P2P/1B2K1P1/8 w - - 0 1 | D22: 1... Kxg7 | E22: If Black declines with [...] 2.Rg6 maintains crushing pressure | F22: reasoning | G22: If black declines the sacrifice, Rg6 makes absolutely no sense | H22: major
A23: Kimi K2.5 | B23: 3 | C23: 5k2/2nr1pp1/pb5p/1p2PP2/4N1R1/P3P2P/1B2K1P1/8 w - - 0 1 | D23: 2. e6+ | E23: The intermediate move | F23: reasoning | G23: This is not an intermediate move, it is the point of the sacrifice | H23: major
A24: Kimi K2.5 | B24: 3 | C24: 5k2/2nr1pp1/pb5p/1p2PP2/4N1R1/P3P2P/1B2K1P1/8 w - - 0 1 | D24: 2. e6+ | E24: The intermediate move is a pawn fork | F24: piece_relations | G24: The intermediate move is a discovered check | H24: major
A25: Kimi K2.5 | B25: 3 | C25: 5k2/2nr1pp1/pb5p/1p2PP2/4N1R1/P3P2P/1B2K1P1/8 w - - 0 1 | D25: 2. e6+ | E25: The king was drawn to g7 specifically to block the 7th rank | F25: reasoning | G25: The king was drawn to g7 to perform a discovered check | H25: major
A26: Kimi K2.5 | B26: 3 | C26: 5k2/2nr1pp1/pb5p/1p2PP2/4N1R1/P3P2P/1B2K1P1/8 w - - 0 1 | D26: 2... Kf8 | E26: The only try to save the rook while escaping check | F26: reasoning | G26: Kf8 does not save or try to save the rook | H26: major
A27: Kimi K2.5 | B27: 3 | C27: 5k2/2nr1pp1/pb5p/1p2PP2/4N1R1/P3P2P/1B2K1P1/8 w - - 0 1 | D27: 2... Kf8 | E27: Other moves fail similarly: 2...Kh8 3.exd7 or 2...Kh7 3.exd7 leaves Black down material with no compensation | F27: move_legality | G27: 2... Kh8 is not a legal move as the king would be in check from Bb2 | H27: major
A28: Kimi K2.5 | B28: 3 | C28: 5k2/2nr1pp1/pb5p/1p2PP2/4N1R1/P3P2P/1B2K1P1/8 w - - 0 1 | D28: 2... Kf8 | E28: The king cannot capture on e6 because the pawn is protected by the knight on e4. | F28: move_legality | G28: 2... Kxe6 is not a legal move, as the king sits on g7 | H28: major
A29: Kimi K2.5 | B29: 3 | C29: 5k2/2nr1pp1/pb5p/1p2PP2/4N1R1/P3P2P/1B2K1P1/8 w - - 0 1 | D29: 2... Kf8 | E29: The king cannot capture on e6 because the pawn is protected by the knight on e4. | F29: piece_relations | G29: Ne4 does not defend pawn on e6 | H29: major
A30: Kimi K2.5 | B30: 3 | C30: 5k2/2nr1pp1/pb5p/1p2PP2/4N1R1/P3P2P/1B2K1P1/8 w - - 0 1 | D30: 3. exd7 | E30: Materially, White traded rooks but gained the g7-pawn, emerging up a pawn | F30: material | G30: Through the tactic, white has gained a pawn, but he was already a pawn up so he is now two pawns up | H30: minor
A31: Kimi K2.5 | B31: 3 | C31: 5k2/2nr1pp1/pb5p/1p2PP2/4N1R1/P3P2P/1B2K1P1/8 w - - 0 1 | D31: 3. exd7 | E31: This pawn is worth more than a rook in the long run | F31: reasoning | G31: The d7 pawn being worth more than a rook is an overstatement, it is worth more like a minor piece | H31: medium
... A39: Kimi K2.5 | B39: 4 | C39: r2nkb1r/3b1ppp/4pn2/1B2p3/8/4BN2/PPP2PPP/2KR3R w kq - 0 1 | D39: 3. Bxd7 | E39: having won a full piece (up a knight for a pawn) | F39: material | G39: White has a pawn for the exchange | H39: major
A40: Kimi K2.5 | B40: 5 | C40: 8/1p6/4N1pk/5n2/P7/1P3R2/2r4P/7K b - - 0 1 | E40: Black is down two pawns | F40: material | G40: Black is down one pawn | H40: major
A41: Kimi K2.5 | B41: 5 | C41: 8/1p6/4N1pk/5n2/P7/1P3R2/2r4P/7K b - - 0 1 | D41: 1... Rc1+ | E41: Note that 1...Nh4 immediately fails to 2.Rxf5 | F41: move_legality | G41: 2. Rxf5 is not a legal move after 1... Nh4 | H41: major
A42: Kimi K2.5 | B42: 5 | C42: 8/1p6/4N1pk/5n2/P7/1P3R2/2r4P/7K b - - 0 1 | D42: 3. Kg3 | E42: The only way to save the rook immediately | F42: move_legality | G42: 3. Kf2 is equally good | H42: medium
A43: Kimi K2.5 | B43: 5 | C43: 8/1p6/4N1pk/5n2/P7/1P3R2/2r4P/7K b - - 0 1 | D43: 3. Kg3 | E43: The only way to save the rook immediately | F43: reasoning | G43: Kg3 does not save the rook | H43: major
A44: Kimi K2.5 | B44: 5 | C44: 8/1p6/4N1pk/5n2/P7/1P3R2/2r4P/7K b - - 0 1 | D44: 3. Kg3 | E44: 3.Kf2 Nxf3+ leads to the same material loss after 4.Kxf3, though White has more options for the king. | F44: reasoning | G44: After either 3. Kf2 Nxf3 4. Kxf3 or 3. Kg3 Nxf3 4. Kxf3, the positions are identical | H44: minor
A45: Kimi K2.5 | B45: 5 | C45: 8/1p6/4N1pk/5n2/P7/1P3R2/2r4P/7K b - - 0 1 | D45: 3... Nxf3 | E45: exploiting the pin on the king's defense. | F45: piece_relations | G45: Exploiting the fork on the king's defense | H45: major
A46: Kimi K2.5 | B46: 5 | C46: 8/1p6/4N1pk/5n2/P7/1P3R2/2r4P/7K b - - 0 1 | D46: 4. Kxf3 | E46: With a Rook vs. Knight advantage and an exposed enemy king, Black has a decisive material edge and excellent winning chances. | F46: material | G46: It is a rook versus knight+pawn advantage | H46: minor
A47: Kimi K2.5 | B47: 5 | C47: 8/1p6/4N1pk/5n2/P7/1P3R2/2r4P/7K b - - 0 1 | D47: 4. Kxf3 | E47: With a Rook vs. Knight advantage and an exposed enemy king, Black has a decisive material edge and excellent winning chances. | F47: reasoning | G47: The king is not exposed, it is late endgame position | H47: medium
A48: Kimi K2.5 | B48: 6 | C48: r2r2k1/pb1nbppp/1p2p3/4P3/7q/PBN1B3/1P2QPPP/2RR2K1 w - - 0 1 | E48: the Black queen on h4 is currently undefended | F48: piece_relations | G48: Qh4 is defended by Be7 | H48: major
A49: Kimi K2.5 | B49: 6 | C49: r2r2k1/pb1nbppp/1p2p3/4P3/7q/PBN1B3/1P2QPPP/2RR2K1 w - - 0 1 | E49: the queen's aggressive placement on h4 lacks any defensive support from the Black army | F49: piece_relations | G49: Qh4 is defended by Be7 | H49: major
A50: Kimi K2.5 | B50: 6 | C50: r2r2k1/pb1nbppp/1p2p3/4P3/7q/PBN1B3/1P2QPPP/2RR2K1 w - - 0 1 | E50: White can exploit this immediately by attacking the queen with a sacrifice | F50: reasoning | G50: 1. Rd4 is not a sacrifice | H50: medium
A51: Kimi K2.5 | B51: 6 | C51: r2r2k1/pb1nbppp/1p2p3/4P3/7q/PBN1B3/1P2QPPP/2RR2K1 w - - 0 1 | D51: 1. Rd4 | E51: A classic decoy sacrifice | F51: reasoning | G51: This is not a sacrifice | H51: medium
A52: Kimi K2.5 | B52: 6 | C52: r2r2k1/pb1nbppp/1p2p3/4P3/7q/PBN1B3/1P2QPPP/2RR2K1 w - - 0 1 | D52: 1. Rd4 | E52: By attacking the undefended queen with the rook | F52: piece_relations | G52: Qh4 is defended by Be7 | H52: major
A53: Kimi K2.5 | B53: 6 | C53: r2r2k1/pb1nbppp/1p2p3/4P3/7q/PBN1B3/1P2QPPP/2RR2K1 w - - 0 1 | D53: 1. Rd4 | E53: The move embodies the principle of "attacking a loose piece with a sacrifice" | F53: reasoning | G53: This is not a sacrifice | H53: medium
A54: Kimi K2.5 | B54: 6 | C54: r2r2k1/pb1nbppp/1p2p3/4P3/7q/PBN1B3/1P2QPPP/2RR2K1 w - - 0 1 | D54: 1... Qg4 | E54: allows Rxg4 | F54: reasoning | G54: Qg4 is not a serious alternative, it should not be mentioned | H54: minor
A55: Kimi K2.5 | B55: 6 | C55: r2r2k1/pb1nbppp/1p2p3/4P3/7q/PBN1B3/1P2QPPP/2RR2K1 w - - 0 1 | D55: 1... Qg4 | E55: 2. Rxg4 Bxg4 | F55: move_legality | G55: Bxg4 is not a legal move after Qg4 Rxg4 | H55: major
A56: Kimi K2.5 | B56: 6 | C56: r2r2k1/pb1nbppp/1p2p3/4P3/7q/PBN1B3/1P2QPPP/2RR2K1 w - - 0 1 | D56: 2. Bxd4 | E56: The bishop is tactically protected | F56: piece_relations | G56: The bishop is undefended | H56: major
A57: Kimi K2.5 | B57: 6 | C57: r2r2k1/pb1nbppp/1p2p3/4P3/7q/PBN1B3/1P2QPPP/2RR2K1 w - - 0 1 | D57: 2. Bxd4 | E57: if Black attempts to recover material with Rxd4 | F57: move_legality | G57: Rxd4 is not a legal move | H57: major
